escale_id,navire,quai,terminal,date_arrivee,date_accostage,date_appareillage,date_depart,attente_bouee_h,pilotage_h,temps_quai_h,temps_total_port_h,temps_apres_appareillage_h,statut
1,MSM DOLORES,P15,RTC,2025-12-28 22:30:00,2025-12-31 03:20:00,2026-01-02 02:52:00,2026-01-02 04:00:00,52.83,2.6,47.53333333333333,101.5,1.1333333333333333,terminee
2,SUNNY FORTUNE,P7,GENERAL CARGO,2025-12-30 15:00:00,2026-01-02 07:18:00,2026-01-11 21:48:00,2026-01-11 23:20:00,64.3,5.03,230.5,296.3333333333333,1.5333333333333334,terminee
3,GRANDE ANGOLA,P16,RTC,2025-12-31 20:30:00,2026-01-02 05:36:00,2026-01-05 05:30:00,2026-01-05 06:24:00,33.1,3.8,71.9,105.9,0.9,terminee
4,MSC HAITI II,P16,RTC,2025-12-28 09:54:00,2025-12-30 02:00:00,2026-01-02 16:36:00,2026-01-02 17:40:00,40.1,2.83,86.6,127.76666666666667,1.0666666666666667,terminee
5,COROMEL,P1,SCDP,2025-12-04 18:30:00,2025-12-30 15:06:00,2026-01-03 04:06:00,2026-01-03 03:12:00,620.6,1.4,85.0,704.7,,terminee
6,JIN AN,P5,GENERAL CARGO,2025-12-24 03:30:00,2025-12-24 21:18:00,2026-01-03 03:42:00,2026-01-03 04:36:00,17.8,3.0,222.4,241.1,0.9,terminee
7,CMA CGM AGATHA,P15,RTC,2026-01-01 05:48:00,2026-01-02 19:06:00,2026-01-05 06:36:00,2026-01-05 07:48:00,37.3,3.8,59.5,98.0,1.2,terminee
8,STAR FIRST,P12,FRUITIER,2026-01-02 15:30:00,2026-01-02 18:28:00,2026-01-04 05:00:00,2026-01-04 05:48:00,2.97,3.32,34.53333333333333,38.3,0.8,terminee
9,TINA,P16,RTC,2025-12-25 23:30:00,2025-12-26 09:24:00,2026-01-06 18:42:00,2026-01-06 21:12:00,9.9,4.7,273.3,285.7,2.5,terminee
10,AFRICAN RUBY,P61,DD,2025-12-12 12:48:00,2026-01-03 05:36:00,2026-01-05 18:48:00,2026-01-05 20:00:00,520.8,3.3,61.2,583.2,1.2,terminee
11,ZAGOR,P14,RTC,2025-12-23 14:40:00,2025-12-31 03:00:00,2026-01-03 03:15:00,2026-01-03 04:18:00,180.33,2.6,72.25,253.63333333333333,1.05,terminee
12,SEA BAZOU,P1,SCDP,2025-12-24 15:30:00,2026-01-03 06:00:00,2026-01-06 06:12:00,2026-01-06 07:20:00,230.5,3.03,72.2,303.8333333333333,1.1333333333333333,terminee
13,ELEANNA,P61,DD,2025-12-17 04:00:00,2025-12-29 12:30:00,2026-01-03 04:42:00,2026-01-03 05:15:00,296.5,3.15,112.2,409.25,0.55,terminee
14,ASP LILY,P52,LPG,2026-01-03 17:30:00,2026-01-04 06:54:00,2026-01-08 06:48:00,2026-01-08 08:00:00,13.4,2.82,95.9,110.5,1.2,terminee
15,MSC ALICE II,P15,RTC,2026-01-02 14:24:00,2026-01-05 21:09:00,2026-01-09 07:18:00,2026-01-09 08:54:00,78.75,2.9,82.15,162.5,1.6,terminee
16,SAN VICENTE EXPRESS,P16,RTC,2026-01-03 01:36:00,2026-01-05 08:06:00,2026-01-07 06:18:00,2026-01-07 07:20:00,54.5,3.33,46.2,101.73333333333333,1.0333333333333334,terminee
17,HELENE JULIE,P2,ALUCAM,2026-01-04 07:00:00,2026-01-04 19:55:00,2026-01-12 23:00:00,2026-01-13 00:36:00,12.92,4.92,195.08333333333334,209.6,1.6,terminee
18,POLYWORLD,P60,DANGOTE,2025-12-28 10:00:00,2025-12-29 01:36:00,2026-01-04 17:06:00,2026-01-04 18:30:00,15.6,2.85,159.5,176.5,1.4,terminee
19,CAMEROUN EXPRESS,P12,FRUITIER,2026-01-04 14:12:00,2026-01-04 19:36:00,2026-01-05 18:42:00,2026-01-05 19:30:00,5.4,2.87,23.1,29.3,0.8,terminee
20,ERSOZ EAST,P52,LPG,2026-01-05 09:00:00,2026-01-05 21:12:00,2026-01-10 07:36:00,2026-01-10 08:34:00,12.2,2.9,106.4,119.56666666666666,0.9666666666666667,terminee
21,MAESTRO,P61,DD,2025-11-18 19:42:00,2026-01-05 21:36:00,2026-01-10 21:00:00,2026-01-10 21:48:00,1153.9,3.6,119.4,1274.1,0.8,terminee
22,LAKE ONTARIO,P13,CEREALIER,2025-12-28 18:00:00,2025-12-31 03:00:00,2026-01-11 21:28:00,2026-01-11 22:54:00,57.0,3.9,282.46666666666664,340.9,1.4333333333333333,terminee
23,SEA BAZOU 2,P1,SCDP,2026-01-02 17:06:00,2026-01-06 08:28:00,2026-01-09 20:24:00,2026-01-09 22:42:00,87.37,3.97,83.93333333333334,173.6,2.3,terminee
24,ECO BLIZZARD,P51,CIMENTCAM,2025-12-28 04:36:00,2025-12-30 14:54:00,2026-01-07 06:48:00,2026-01-07 08:12:00,58.3,3.57,183.9,243.6,1.4,terminee
25,JU XIANG,P2,ALUCAM,2025-12-25 08:36:00,2025-12-25 22:36:00,2026-01-07 06:42:00,2026-01-07 07:42:00,14.0,3.6,296.1,311.1,1.0,terminee
26,ABYSSINIAN,P13,CEREALIER,2026-01-07 06:00:00,2026-01-07 09:18:00,2026-01-13 12:06:00,2026-01-13 13:06:00,3.3,3.37,146.8,151.1,1.0,terminee
27,NORD BRAVE,P5,GENERAL CARGO,2026-01-06 21:30:00,2026-01-07 08:54:00,2026-01-22 18:24:00,2026-01-22 19:48:00,11.4,3.58,369.5,382.3,1.4,terminee
28,MSC NILA II,P16,RTC,2026-01-02 21:42:00,2026-01-07 20:54:00,2026-01-09 20:54:00,2026-01-09 23:01:00,119.2,4.89,48.0,169.31666666666666,2.1166666666666667,terminee
29,ECO GALAXY,P51,CIMENTCAM,2026-01-06 15:12:00,2026-01-08 09:30:00,2026-01-12 10:12:00,2026-01-12 11:12:00,42.3,2.7,96.7,140.0,1.0,terminee
30,PANTHER,P15,RTC,2026-01-05 06:30:00,2026-01-09 09:24:00,2026-01-11 08:30:00,2026-01-11 09:48:00,98.9,3.78,47.1,147.3,1.3,terminee
31,PIRANHA,P16,RTC,2026-01-10 05:42:00,2026-01-09 09:30:00,2026-01-12 22:06:00,2026-06-12 23:30:00,,3603.4,84.6,3689.8,3625.4,terminee
32,KOTA RAKAN,P14,RTC,2026-01-09 17:00:00,2026-01-10 08:48:00,2026-01-11 21:18:00,2026-01-11 21:42:00,15.8,1.9,36.5,52.7,0.4,terminee
33,PACIFIC DAWN,P4,GENERAL CARGO,2026-01-10 06:07:00,2026-01-10 09:39:00,2026-01-11 09:45:00,2026-01-11 10:30:00,3.53,3.17,24.1,28.383333333333333,0.75,terminee
34,BC GRACE,P6,GENERAL CARGO,2025-12-23 23:00:00,2025-12-25 21:40:00,2026-01-09 20:15:00,2026-01-09 21:30:00,46.67,2.8,358.5833333333333,406.5,1.25,terminee
35,COSTA RICAN STAR,P12,FRUITIER,2026-01-09 18:30:00,2026-01-09 22:42:00,2026-01-11 08:06:00,2026-01-11 09:24:00,4.2,2.92,33.4,38.9,1.3,terminee
36,SEA PHANTOM,P61,DD,2025-12-25 04:30:00,2026-01-10 22:42:00,2026-01-14 00:18:00,2026-01-14 01:35:00,402.2,2.78,73.6,477.0833333333333,1.2833333333333334,terminee
37,ABTENAUER,P6,GENERAL CARGO,2026-01-09 04:12:00,2026-01-10 22:24:00,2026-01-15 00:36:00,2026-01-15 01:30:00,42.2,3.2,98.2,141.3,0.9,terminee
38,ALEKSANDER OTRAKOVSKY,P11,GENERAL CARGO,2026-01-09 23:00:00,2026-01-10 17:00:00,2026-01-12 16:15:00,2026-01-12 16:24:00,18.0,1.57,47.25,65.4,0.15,terminee
39,ARVIKA,P4,GENERAL CARGO,2026-01-11 09:00:00,2026-01-12 00:48:00,2026-01-19 16:42:00,2026-01-19 17:42:00,15.8,4.7,183.9,200.7,1.0,terminee
40,COSCO TAIHANGSHAN,P9,GENERAL CARGO,2026-01-09 09:48:00,2026-01-12 01:18:00,2026-01-17 16:00:00,2026-01-17 17:06:00,63.5,3.37,134.7,199.3,1.1,terminee
41,ARCADIA T,P1,SCDP,2025-12-29 16:00:00,2026-01-12 00:42:00,2026-01-16 02:00:00,2026-01-16 03:12:00,320.7,4.5,97.3,419.2,1.2,terminee
42,GHANA EXPRESS,P12,FRUITIER,2026-01-11 19:33:00,2026-01-11 23:42:00,2026-01-12 22:48:00,2026-01-13 00:00:00,4.15,4.1,23.1,28.45,1.2,terminee
43,GRIFFIN T,P52,LPG,2026-01-11 14:30:00,2026-01-11 23:30:00,2026-01-14 13:24:00,2026-01-14 14:12:00,9.0,3.6,61.9,71.7,0.8,terminee
44,GFS SAPPHIRE,P15,RTC,2026-01-10 03:00:00,2026-01-11 23:12:00,2026-01-13 23:30:00,2026-01-14 00:36:00,44.2,2.83,48.3,93.6,1.1,terminee
45,GOTEBORG,P14,RTC,2026-01-11 13:00:00,2026-01-12 12:18:00,2026-01-14 00:18:00,2026-01-14 01:20:00,23.3,2.33,36.0,60.333333333333336,1.0333333333333334,terminee
46,BWEK MADAGASCAR,P51,CIMENTCAM,2026-01-09 09:12:00,2026-01-12 12:24:00,2026-01-16 15:48:00,2026-01-16 16:50:00,75.2,2.93,99.4,175.63333333333333,1.0333333333333334,terminee
47,ORANGE STRAIT,P2,ALUCAM,2026-01-07 01:42:00,2026-01-13 01:42:00,2026-01-20 05:06:00,2026-01-20 05:26:00,144.0,3.2,171.4,315.73333333333335,0.3333333333333333,terminee
48,BITU RIVER,P12,FRUITIER,2026-01-12 11:00:00,2026-01-13 01:10:00,2026-01-15 01:12:00,2026-01-15 02:24:00,14.17,2.98,48.03333333333333,63.4,1.2,terminee
49,AAL GENOA,P13,CEREALIER,2026-01-12 09:36:00,2026-01-13 13:30:00,2026-01-17 02:48:00,2026-01-17 03:54:00,27.9,3.67,85.3,114.3,1.1,terminee
50,GRANDE ATLANTICO,P16,RTC,2026-01-13 06:00:00,2026-01-13 14:00:00,2026-01-16 02:36:00,2026-01-16 03:42:00,8.0,2.9,60.6,69.7,1.1,terminee
51,MSC HAITI II,P15,RTC,2026-01-10 08:00:00,2026-01-14 02:36:00,2026-01-15 15:06:00,2026-01-15 16:16:00,90.6,3.67,36.5,128.26666666666668,1.1666666666666667,terminee
52,NIPAYIA,P61,DD,2026-01-11 23:18:00,2026-01-14 07:42:00,2026-01-17 16:12:00,2026-01-17 17:24:00,56.4,8.5,80.5,138.1,1.2,terminee
53,GLAFKOS,P60,DANGOTE,2026-01-13 21:18:00,2026-01-14 02:24:00,2026-01-19 03:42:00,2026-01-19 05:12:00,5.1,3.43,121.3,127.9,1.5,terminee
54,CL ZHUANG HE,P6,GENERAL CARGO,2026-01-15 11:00:00,2026-01-15 17:42:00,2026-01-22 19:42:00,2026-01-22 20:36:00,6.7,3.7,170.0,177.6,0.9,terminee
55,MSC NIKOLETA II,P15,RTC,2026-01-11 12:00:00,2026-01-15 17:42:00,2026-01-17 17:00:00,2026-01-17 18:00:00,101.7,3.7,47.3,150.0,1.0,terminee
56,GRANDE AFRICA,P16,RTC,2026-01-16 13:12:00,2026-01-16 17:50:00,2026-01-18 16:48:00,2026-01-18 17:45:00,4.63,2.28,46.96666666666667,52.55,0.95,terminee
57,SEA BAZOU,P1,SCDP,2026-01-11 11:30:00,2026-01-16 17:48:00,2026-01-19 16:54:00,2026-01-19 18:18:00,126.3,4.1,71.1,198.8,1.4,terminee
58,ARIADNI,P52,LPG,2026-01-16 07:18:00,2026-01-16 17:36:00,2026-01-20 05:24:00,2026-01-20 06:12:00,10.3,4.0,83.8,94.9,0.8,terminee
59,BLACK RHINO,P14,RTC,2026-01-17 01:42:00,2026-01-17 05:00:00,2026-01-18 04:06:00,2026-01-18 04:54:00,3.3,3.0,23.1,27.2,0.8,terminee
60,SUNNINE 3,P7,GENERAL CARGO,2026-01-16 17:00:00,2026-01-17 04:48:00,2026-01-20 18:48:00,2026-01-20 19:48:00,11.8,3.85,86.0,98.8,1.0,terminee
61,AQUAPROSPER,P6,GENERAL CARGO,2026-01-16 06:00:00,2026-01-17 18:00:00,2026-01-25 07:42:00,2026-01-25 08:24:00,36.0,3.0,181.7,218.4,0.7,terminee
62,CARIBBEAN STAR,P12,FRUITIER,2026-01-17 14:24:00,2026-01-17 18:20:00,2026-01-19 03:26:00,2026-01-19 04:42:00,3.93,2.58,33.1,38.3,1.2666666666666666,terminee
63,MAERSK NAIROBI,P15,RTC,2026-01-17 17:00:00,2026-01-17 19:07:00,2026-01-18 17:14:00,2026-01-18 17:32:00,2.12,2.03,22.116666666666667,24.533333333333335,0.3,terminee
64,SEA FORTUNE,P61,DD,2025-12-08 14:30:00,2026-01-17 18:24:00,2026-01-21 05:30:00,2026-01-21 06:54:00,963.9,2.9,83.1,1048.4,1.4,terminee
65,CORINTHIAN,P51,CIMENTCAM,2026-01-17 14:36:00,2026-01-18 06:18:00,2026-01-20 18:12:00,2026-01-20 19:24:00,15.7,2.7,59.9,76.8,1.2,terminee
66,COTE D'IVOIRE EXPRESS,P12,FRUITIER,2026-01-19 02:12:00,2026-01-19 05:54:00,2026-01-20 17:42:00,2026-01-20 18:54:00,3.7,3.1,35.8,40.7,1.2,terminee
67,BLUE BILL,P13,CEREALIER,2026-01-18 18:00:00,2026-01-19 06:00:00,2026-01-22 18:12:00,2026-01-22 19:18:00,12.0,2.37,84.2,97.3,1.1,terminee
68,F. LINE,P6,GENERAL CARGO,2026-01-17 08:30:00,2026-01-19 19:15:00,2026-01-26 08:35:00,2026-01-26 09:36:00,58.75,3.22,157.33333333333334,217.1,1.0166666666666666,terminee
69,KOTA RAKAN,P14,RTC,2026-01-18 18:00:00,2026-01-19 19:30:00,2026-01-21 05:12:00,2026-01-21 06:18:00,25.5,2.6,33.7,60.3,1.1,terminee
70,SEA BAZOU 2,P51,CIMENTCAM,2026-01-13 22:18:00,2026-01-20 20:42:00,2026-01-26 21:54:00,2026-01-26 23:00:00,166.4,2.8,145.2,312.7,1.1,terminee
71,CL PROSPERITY,P7,GENERAL CARGO,2026-01-19 03:18:00,2026-01-20 20:30:00,2026-01-30 14:42:00,2026-01-30 16:00:00,41.2,3.7,234.2,276.7,1.3,terminee
72,ECO ALICE,P51,CIMENTCAM,2026-01-19 15:54:00,2026-01-20 20:48:00,2026-01-24 07:06:00,2026-01-24 08:26:00,28.9,3.48,82.3,112.53333333333333,1.3333333333333333,terminee
73,NQ ZINNIA,P52,LPG,2026-01-19 05:48:00,2026-01-20 21:24:00,2026-01-22 07:00:00,2026-01-22 07:45:00,39.6,3.35,33.6,73.95,0.75,terminee
74,MAERSK DURBAN,P15,RTC,2026-01-21 04:00:00,2026-01-21 07:42:00,2026-01-24 06:48:00,2026-01-24 07:42:00,3.7,2.7,71.1,75.7,0.9,terminee
75,KOWIE,P61,DD,2025-12-29 01:00:00,2026-01-21 21:00:00,2026-01-26 08:54:00,2026-01-26 10:06:00,572.0,3.7,107.9,681.1,1.2,terminee
76,RANGIROA,P2,ALUCAM,2026-01-21 18:45:00,2026-01-21 20:20:00,2026-01-24 06:36:00,2026-01-24 08:10:00,1.58,2.84,58.266666666666666,61.416666666666664,1.5666666666666667,terminee
77,SUNNINE 3,P13,CEREALIER,2026-01-20 22:00:00,2026-01-21 20:24:00,2026-01-28 12:18:00,2026-01-28 14:00:00,22.4,4.3,159.9,184.0,1.7,terminee
78,PANTHER,P16,RTC,2026-01-21 11:00:00,2026-01-22 08:48:00,2026-01-24 19:12:00,2026-01-24 20:30:00,21.8,2.7,58.4,81.5,1.3,terminee
79,MH ADAGIO,P9,GENERAL CARGO,2026-01-21 04:54:00,2026-01-22 21:30:00,2026-01-29 00:08:00,2026-01-29 01:24:00,40.6,3.33,146.63333333333333,188.5,1.2666666666666666,terminee
80,TAN ZHOU LUN,P5,GENERAL CARGO,2026-01-18 03:06:00,2026-01-22 21:36:00,2026-02-01 17:06:00,2026-02-01 18:30:00,114.5,3.95,235.5,351.4,1.4,terminee
81,BLACK RHINO,P14,RTC,2026-01-22 23:01:00,2026-01-23 08:58:00,2026-01-24 20:42:00,2026-01-24 21:06:00,9.95,3.57,35.733333333333334,46.083333333333336,0.4,terminee
82,COLOMBIAN STAR,P12,FRUITIER,2026-01-23 16:18:00,2026-01-23 21:30:00,2026-01-25 20:40:00,2026-01-25 21:30:00,5.2,2.8,47.166666666666664,53.2,0.8333333333333334,terminee
83,GFS SAPPHIRE,P15,RTC,2026-01-20 06:00:00,2026-01-24 09:00:00,2026-01-26 09:00:00,2026-01-26 09:54:00,99.0,2.98,48.0,147.9,0.9,terminee
84,BOCS SPIRIT,P2,ALUCAM,2026-01-22 18:12:00,2026-01-24 09:42:00,2026-01-30 14:52:00,2026-01-30 16:22:00,39.5,3.48,149.16666666666666,190.16666666666666,1.5,terminee
85,ECO GALAXY,P51,CIMENTCAM,2026-01-24 02:18:00,2026-01-24 10:18:00,2026-01-27 10:30:00,2026-01-27 11:12:00,8.0,2.8,72.2,80.9,0.7,terminee
86,MSC HAITI II,P16,RTC,2026-01-23 05:12:00,2026-01-24 22:00:00,2026-01-28 11:36:00,2026-01-28 12:36:00,40.8,3.0,85.6,127.4,1.0,terminee
87,AMMOS,P4,GENERAL CARGO,2026-01-22 07:00:00,2026-01-25 11:12:00,2026-02-17 04:06:00,2026-02-17 05:40:00,76.2,4.57,544.9,622.6666666666666,1.5666666666666667,terminee
88,TRAVELING SAGE,P60,DANGOTE,2026-01-25 04:18:00,2026-01-25 23:30:00,2026-01-31 03:12:00,2026-01-31 04:46:00,19.2,4.32,123.7,144.46666666666667,1.5666666666666667,terminee
89,PROSPERITY 103,P12,FRUITIER,2026-01-21 00:36:00,2026-01-25 23:24:00,2026-02-06 06:00:00,2026-02-06 08:00:00,118.8,4.0,270.6,391.4,2.0,terminee
90,GOTEBORG,P14,RTC,2026-01-25 13:48:00,2026-01-26 11:18:00,2026-01-29 01:00:00,2026-01-29 02:32:00,21.5,3.13,61.7,84.73333333333333,1.5333333333333334,terminee
91,SUNSHINE,P12,FRUITIER,2026-01-22 12:00:00,2026-01-26 11:06:00,2026-02-01 17:42:00,2026-02-01 18:42:00,95.1,3.8,150.6,246.7,1.0,terminee
92,ELEANNA,P61,DD,2026-01-18 17:12:00,2026-01-26 11:06:00,2026-01-29 00:48:00,2026-01-29 02:26:00,185.9,3.63,61.7,249.23333333333332,1.6333333333333333,terminee
93,GRANDE SENEGAL,P16,RTC,2026-01-26 19:00:00,2026-01-27 00:08:00,2026-01-30 01:48:00,2026-01-30 02:36:00,5.13,2.42,73.66666666666667,79.6,0.8,terminee
94,DILESI,P1,SCDP,2026-01-16 15:54:00,2026-01-28 01:54:00,2026-02-02 05:30:00,2026-02-02 06:18:00,274.0,3.1,123.6,398.4,0.8,terminee
95,TARANTO,P14,RTC,2026-01-23 13:30:00,2026-01-29 03:50:00,2026-01-29 14:24:00,2026-01-29 15:06:00,134.33,3.1,10.566666666666666,145.6,0.7,terminee
96,CELSIA,P61,DD,2026-01-22 13:54:00,2026-01-29 03:06:00,2026-02-01 17:18:00,2026-02-01 17:54:00,157.2,2.5,86.2,244.0,0.6,terminee
97,PARAGON,P9,GENERAL CARGO,2026-01-27 07:00:00,2026-01-29 02:48:00,2026-02-03 05:36:00,2026-02-03 06:50:00,43.8,4.13,122.8,167.83333333333334,1.2333333333333334,terminee
98,SAN VICENTE EXPRESS,P15,RTC,2026-01-25 19:00:00,2026-01-28 13:00:00,2026-01-30 16:06:00,2026-01-30 16:20:00,66.0,0.7,51.1,117.33333333333333,0.23333333333333334,terminee
99,MEDI CABOTO,P52,LPG,2026-01-27 21:00:00,2026-01-28 15:46:00,2026-02-02 18:24:00,2026-02-02 19:36:00,18.77,3.27,122.63333333333334,142.6,1.2,terminee
100,EFFICIENCY OL,P13,CEREALIER,2026-01-21 15:00:00,2026-01-29 03:36:00,2026-02-10 22:06:00,2026-02-10 23:22:00,180.6,3.1,306.5,488.3666666666667,1.2666666666666666,terminee
101,KOTA RAKAN,P14,RTC,2026-01-29 11:30:00,2026-01-29 16:12:00,2026-01-31 03:48:00,2026-01-31 05:15:00,4.7,3.28,35.6,41.75,1.45,terminee
102,MN TANGARA,P16,RTC,2026-01-29 23:30:00,2026-01-30 04:08:00,2026-01-31 02:58:00,2026-01-31 03:50:00,4.63,2.43,22.833333333333332,28.333333333333332,0.8666666666666667,terminee
103,SENEGAL EXPRESS,P12,FRUITIER,2026-01-30 13:48:00,2026-01-30 17:30:00,2026-02-01 16:24:00,2026-02-01 17:36:00,3.7,2.5,46.9,51.8,1.2,terminee
104,CORINTHIAN,P51,CIMENTCAM,2026-01-29 22:00:00,2026-01-30 17:24:00,2026-02-02 18:42:00,2026-02-02 19:54:00,19.4,4.13,73.3,93.9,1.2,terminee
105,HELENE JULIE,P2,ALUCAM,2026-01-30 07:33:00,2026-01-30 17:15:00,2026-02-07 19:18:00,2026-02-07 20:18:00,9.7,2.65,194.05,204.75,1.0,terminee
106,UML VICTORIA,P14,RTC,2026-01-27 14:36:00,2026-01-31 05:48:00,2026-02-02 19:18:00,2026-02-02 19:48:00,87.2,1.9,61.5,149.2,0.5,terminee
107,MSC ALICE II,P16,RTC,2026-01-29 22:30:00,2026-01-31 05:12:00,2026-02-02 04:48:00,2026-02-02 05:48:00,30.7,2.75,47.6,79.3,1.0,terminee
108,KING WIN,P5,GENERAL CARGO,2026-01-28 06:30:00,2026-02-01 19:06:00,2026-02-09 20:54:00,2026-02-09 21:52:00,108.6,3.5,193.8,303.3666666666667,0.9666666666666667,terminee
109,HUDSON,P61,DD,2026-01-26 14:00:00,2026-02-01 21:12:00,2026-02-06 07:00:00,2026-02-06 08:36:00,151.2,5.0,105.8,258.6,1.6,terminee
110,BLACK RHINO,P15,RTC,2026-01-28 19:00:00,2026-02-02 07:20:00,2026-02-03 17:36:00,2026-02-03 18:28:00,108.33,2.06,34.266666666666666,143.46666666666667,0.8666666666666667,terminee
111,RED ORCHID,P3,GENERAL CARGO,2026-02-02 02:00:00,2026-02-02 07:02:00,2026-02-08 19:12:00,2026-02-08 20:36:00,5.03,3.33,156.16666666666666,162.6,1.4,terminee
112,CHEM GALLIUM,P51,CIMENTCAM,2026-02-02 05:00:00,2026-02-02 21:24:00,2026-02-04 18:24:00,2026-02-04 20:24:00,16.4,4.1,45.0,63.4,2.0,terminee
113,TONG DA,P9,GENERAL CARGO,2026-02-02 22:00:00,2026-02-03 07:30:00,2026-02-09 19:42:00,2026-02-09 20:54:00,9.5,4.2,156.2,166.9,1.2,terminee
114,GOTEBORG,P14,RTC,2026-02-03 10:00:00,2026-02-03 19:36:00,2026-02-04 19:48:00,2026-02-04 19:58:00,9.6,2.37,24.2,33.96666666666667,0.16666666666666666,terminee
115,DESERT SEEKER,P52,LPG,2026-02-03 15:30:00,2026-02-04 07:30:00,2026-02-09 20:34:00,2026-02-09 21:34:00,16.0,3.75,133.06666666666666,150.06666666666666,1.0,terminee
116,OLYMPIAN HIGHWAY,P16,RTC,2026-02-04 03:48:00,2026-02-04 08:24:00,2026-02-04 18:12:00,2026-02-04 20:06:00,4.6,4.92,9.8,16.3,1.9,terminee
117,BWEK MADAGASCAR,P51,CIMENTCAM,2026-02-04 15:18:00,2026-02-04 22:12:00,2026-02-08 20:00:00,2026-02-08 20:34:00,6.9,2.77,93.8,101.26666666666667,0.5666666666666667,terminee
118,NIPAYIA,P1,SCDP,2026-01-27 14:00:00,2026-02-05 21:12:00,2026-02-11 22:46:00,2026-02-11 23:51:00,223.2,3.63,145.56666666666666,369.85,1.0833333333333333,terminee
119,MAERSK NAIROBI,P15,RTC,2026-02-04 04:30:00,2026-02-05 08:08:00,2026-02-07 07:24:00,2026-02-07 08:36:00,27.63,3.83,47.266666666666666,76.1,1.2,terminee
120,GFS SAPPHIRE,P14,RTC,2026-02-04 05:30:00,2026-02-05 20:48:00,2026-02-07 19:06:00,2026-02-07 20:08:00,39.3,2.78,46.3,86.63333333333334,1.0333333333333334,terminee
121,SEA BAZOU 2,P61,DD,2026-01-13 17:36:00,2026-02-06 10:06:00,2026-02-08 07:42:00,2026-02-08 07:48:00,568.5,1.8,45.6,614.2,0.1,terminee
122,BBC ST PETERSBURG,P3,GENERAL CARGO,2026-02-05 14:00:00,2026-02-06 09:18:00,2026-02-06 18:52:00,2026-02-06 20:00:00,19.3,2.47,9.566666666666666,30.0,1.1333333333333333,terminee
123,RUN FU 8,P3,GENERAL CARGO,2026-02-06 06:00:00,2026-02-06 20:45:00,2026-02-11 11:00:00,2026-02-11 12:18:00,14.75,3.45,110.25,126.3,1.3,terminee
124,STAR FIRST,P12,FRUITIER,2026-02-06 17:30:00,2026-02-06 21:08:00,2026-02-08 19:48:00,2026-02-08 21:18:00,3.63,3.1,46.666666666666664,51.8,1.5,terminee
125,MSC ROMINA II,P15,RTC,2026-02-03 23:00:00,2026-02-07 10:32:00,2026-02-08 21:00:00,2026-02-08 21:32:00,83.53,3.57,34.46666666666667,118.53333333333333,0.5333333333333333,terminee
126,ONEGO MISTRAL,P14,RTC,2026-02-06 08:30:00,2026-02-07 21:30:00,2026-02-09 07:30:00,2026-02-09 09:00:00,37.0,3.08,34.0,72.5,1.5,terminee
127,UAL AFRICA,P2,ALUCAM,2026-02-07 22:00:00,2026-02-08 09:42:00,2026-02-09 07:30:00,2026-02-09 09:06:00,11.7,3.63,21.8,35.1,1.6,terminee
128,LADY VICTORIA I,P61,DD,2026-01-29 22:12:00,2026-02-08 11:18:00,2026-02-11 23:36:00,2026-02-12 00:12:00,229.1,4.0,84.3,314.0,0.6,terminee
129,CORINTHIAN,P51,CIMENTCAM,2026-02-05 15:30:00,2026-02-08 22:42:00,2026-02-13 13:40:00,2026-02-13 15:00:00,79.2,3.75,110.96666666666667,191.5,1.3333333333333333,terminee
130,MSC NIKOLETA II,P15,RTC,2026-02-06 14:00:00,2026-02-08 22:42:00,2026-02-23 07:18:00,2026-02-23 08:36:00,56.7,3.13,344.6,402.6,1.3,terminee
131,COTE D'IVOIRIAN STAR,P12,FRUITIER,2026-02-09 06:30:00,2026-02-09 10:05:00,2026-02-10 21:30:00,2026-02-10 22:48:00,3.58,3.75,35.416666666666664,40.3,1.3,terminee
132,KOTA RAKAN,P14,RTC,2026-02-06 20:54:00,2026-02-09 11:06:00,2026-02-11 11:30:00,2026-02-11 12:36:00,62.2,3.5,48.4,111.7,1.1,terminee
133,ERMOUPOLIS,P61,DD,2026-02-08 15:30:00,2026-02-09 10:48:00,2026-02-21 17:30:00,2026-02-21 18:30:00,19.3,3.22,294.7,315.0,1.0,terminee
134,SOZON,P5,GENERAL CARGO,2026-02-08 06:54:00,2026-02-09 22:54:00,2026-02-21 18:06:00,2026-02-21 19:25:00,40.0,2.82,283.2,324.51666666666665,1.3166666666666667,terminee
135,DESERT PIONEER,P13,CEREALIER,2026-02-08 21:00:00,2026-02-09 23:40:00,2026-02-16 15:42:00,2026-02-16 17:00:00,26.67,3.91,160.03333333333333,188.0,1.3,terminee
136,JIN GUANG LING,P9,GENERAL CARGO,2026-02-09 00:00:00,2026-02-11 00:15:00,2026-02-26 12:18:00,2026-02-26 13:30:00,48.25,3.13,372.05,421.5,1.2,terminee
137,UML VICTORIA,P16,RTC,2026-02-07 23:35:00,2026-02-11 00:36:00,2026-02-13 13:18:00,2026-02-13 14:18:00,73.02,2.66,60.7,134.71666666666667,1.0,terminee
138,BERNERS,P61,DD,2026-01-16 18:00:00,2026-02-12 01:48:00,2026-02-21 18:24:00,2026-02-21 20:00:00,631.8,3.7,232.6,866.0,1.6,terminee
139,SEA BAZOU 2,P1,SCDP,2026-02-11 10:24:00,2026-02-12 02:00:00,2026-02-15 01:54:00,2026-02-15 03:12:00,15.6,3.2,71.9,88.8,1.3,terminee
140,OBS SATURN,P3,GENERAL CARGO,2026-02-12 19:30:00,2026-02-13 02:33:00,2026-02-17 17:06:00,2026-02-17 18:18:00,7.05,3.48,110.55,118.8,1.2,terminee
141,GRANDE BENIN,P16,RTC,2026-02-12 11:47:00,2026-02-13 02:55:00,2026-02-15 02:30:00,2026-02-15 03:40:00,15.13,3.95,47.583333333333336,63.88333333333333,1.1666666666666667,terminee
142,MSC HAITI II,P60,DANGOTE,2026-02-11 23:30:00,2026-02-13 14:36:00,2026-02-16 04:00:00,2026-02-16 05:00:00,39.1,2.1,61.4,101.5,1.0,terminee
143,BWEK MADAGASCAR,P51,CIMENTCAM,2026-02-12 22:00:00,2026-02-13 16:00:00,2026-02-19 17:54:00,2026-02-19 19:14:00,18.0,2.83,145.9,165.23333333333332,1.3333333333333333,terminee
144,IVORY GULL,P12,FRUITIER,2026-02-13 23:30:00,2026-02-14 17:06:00,2026-02-26 12:40:00,2026-02-26 13:52:00,17.6,3.96,283.56666666666666,302.3666666666667,1.2,terminee
145,MAESTRO,P1,SCDP,2026-02-02 19:36:00,2026-02-15 05:00:00,2026-02-19 05:42:00,2026-02-19 06:42:00,297.4,3.9,96.7,395.1,1.0,terminee
146,MSC ROMINA II,P16,RTC,2026-02-12 06:30:00,2026-02-15 05:12:00,2026-02-16 16:20:00,2026-02-16 17:15:00,70.7,3.25,35.13333333333333,106.75,0.9166666666666666,terminee
147,BOCS VISION,P2,ALUCAM,2026-02-15 17:30:00,2026-02-16 05:06:00,2026-02-23 07:16:00,2026-02-23 08:30:00,11.6,3.8,170.16666666666666,183.0,1.2333333333333334,terminee
148,COSTA RICAN STAR,P12,FRUITIER,2026-02-16 01:30:00,2026-02-16 05:00:00,2026-02-17 17:16:00,2026-02-17 18:30:00,3.5,3.9,36.266666666666666,41.0,1.2333333333333334,terminee
149,PANTHER,P15,RTC,2026-02-14 14:00:00,2026-02-16 06:06:00,2026-02-18 05:30:00,2026-02-18 06:12:00,40.1,3.35,47.4,88.2,0.7,terminee
150,MSC ALICE II,P16,RTC,2026-02-15 12:48:00,2026-02-16 18:06:00,2026-02-19 17:54:00,2026-02-19 19:05:00,29.3,2.63,71.8,102.28333333333333,1.1833333333333333,terminee
151,UML VICTORIA,P15,RTC,2026-02-15 00:42:00,2026-02-18 07:00:00,2026-02-20 05:54:00,2026-02-20 06:50:00,78.3,2.23,46.9,126.13333333333334,0.9333333333333333,terminee
152,COMMANDANT BOUAN,P11,GENERAL CARGO,2026-02-16 04:15:00,2026-02-16 06:53:00,2026-02-19 15:00:00,2026-02-19 16:36:00,2.63,3.02,80.11666666666666,84.35,1.6,terminee
153,TRAVELING SAGE,P60,DANGOTE,2026-02-17 22:30:00,2026-02-18 06:54:00,2026-02-22 19:38:00,2026-02-22 21:12:00,8.4,4.23,108.73333333333333,118.7,1.5666666666666667,terminee
154,UAL TRADER,P3,GENERAL CARGO,2026-02-18 15:00:00,2026-02-18 18:45:00,2026-02-20 06:00:00,2026-02-20 07:12:00,3.75,3.45,35.25,40.2,1.2,terminee
155,SAN VICENTE EXPRESS,P14,RTC,2026-02-17 16:00:00,2026-02-19 07:36:00,2026-02-21 18:36:00,2026-02-21 20:24:00,39.6,2.9,59.0,100.4,1.8,terminee
156,ECO BLIZZARD,P51,CIMENTCAM,2026-02-18 16:06:00,2026-02-19 20:36:00,2026-02-25 10:36:00,2026-02-25 11:36:00,28.5,3.08,134.0,163.5,1.0,terminee
157,SEA BAZOU 2,P3,GENERAL CARGO,2026-02-17 20:10:00,2026-02-20 08:45:00,2026-02-24 08:18:00,2026-02-24 09:54:00,60.58,3.75,95.55,157.73333333333332,1.6,terminee
158,MARINA,P16,RTC,2026-02-18 03:30:00,2026-02-20 09:06:00,2026-02-22 06:42:00,2026-02-22 07:55:00,53.6,3.69,45.6,100.41666666666667,1.2166666666666666,terminee
159,MY LAMA,P3,GENERAL CARGO,2026-02-19 06:15:00,2026-02-20 21:12:00,2026-02-26 11:58:00,2026-02-26 12:50:00,38.95,3.83,134.76666666666668,174.58333333333334,0.8666666666666667,terminee
160,MAERSK NAIROBI,P15,RTC,2026-02-19 16:50:00,2026-02-21 21:38:00,2026-02-22 19:58:00,2026-02-22 20:54:00,52.8,2.73,22.333333333333332,76.06666666666666,0.9333333333333333,terminee
161,RACE,P4,GENERAL CARGO,2026-02-20 11:40:00,2026-02-21 19:48:00,2026-03-01 02:48:00,2026-03-01 03:54:00,32.13,2.9,175.0,208.23333333333332,1.1,terminee
162,FEDERAL OHIO,P6,GENERAL CARGO,2026-02-20 05:00:00,2026-02-21 20:54:00,2026-02-28 14:12:00,2026-02-28 15:06:00,39.9,2.63,161.3,202.1,0.9,terminee
163,AFRICAN CORAL,P61,DD,2026-01-30 07:00:00,2026-02-21 21:18:00,2026-02-27 00:00:00,2026-02-27 01:30:00,542.3,3.2,122.7,666.5,1.5,terminee
164,ZHE HAI 511,P3,GENERAL CARGO,2026-02-22 13:00:00,2026-02-22 22:12:00,2026-03-09 06:40:00,2026-03-09 07:32:00,9.2,2.73,344.46666666666664,354.53333333333336,0.8666666666666667,terminee
165,MSC ROMINA II,P15,RTC,2026-02-19 17:30:00,2026-02-22 22:12:00,2026-02-24 21:12:00,2026-02-24 22:10:00,76.7,3.27,47.0,124.66666666666667,0.9666666666666667,terminee
166,CARIBBEAN STAR,P12,FRUITIER,2026-02-22 05:00:00,2026-02-22 09:06:00,2026-02-24 08:12:00,2026-02-24 09:25:00,4.1,3.15,47.1,52.416666666666664,1.2166666666666666,terminee
167,KOTA RAKAN,P14,RTC,2026-02-20 14:00:00,2026-02-22 09:24:00,2026-02-23 21:18:00,2026-02-23 21:52:00,43.4,4.6,35.9,79.86666666666666,0.5666666666666667,terminee
168,ALYCIA,P13,CEREALIER,2026-02-21 11:15:00,2026-02-23 09:46:00,2026-03-01 02:06:00,2026-03-01 03:12:00,46.52,2.67,136.33333333333334,183.95,1.1,terminee
169,SILVER SUN,P16,RTC,2026-02-22 16:30:00,2026-02-23 09:54:00,2026-02-24 08:48:00,2026-02-24 10:06:00,17.4,2.9,22.9,41.6,1.3,terminee
170,UML VICTORIA,P14,RTC,2026-02-20 13:12:00,2026-02-23 22:24:00,2026-02-25 11:12:00,2026-02-25 12:00:00,81.2,1.93,36.8,118.8,0.8,terminee
171,SAFINAH,P60,DANGOTE,2026-02-23 03:48:00,2026-02-23 22:12:00,2026-03-02 16:06:00,2026-03-02 17:15:00,18.4,3.85,161.9,181.45,1.15,terminee
172,NANJING CONFIDENCE,P2,ALUCAM,2026-02-24 04:00:00,2026-02-24 12:00:00,2026-02-25 23:54:00,2026-02-26 00:54:00,8.0,5.23,35.9,44.9,1.0,terminee
173,GRANDE ATLANTICO,P16,RTC,2026-02-23 08:48:00,2026-02-24 11:32:00,2026-02-26 13:12:00,2026-02-26 15:24:00,26.73,4.57,49.666666666666664,78.6,2.2,terminee
174,DIMITRA,P12,FRUITIER,2026-02-21 05:12:00,2026-02-24 11:18:00,2026-03-04 04:24:00,2026-03-04 05:30:00,78.1,3.3,185.1,264.3,1.1,terminee
175,GFS SAPPHIRE,P15,RTC,2026-02-20 15:00:00,2026-02-24 23:18:00,2026-02-26 23:38:00,2026-02-27 00:55:00,104.3,3.55,48.333333333333336,153.91666666666666,1.2833333333333334,terminee
176,FALKENBERG,P14,RTC,2026-02-24 18:30:00,2026-02-25 12:54:00,2026-02-27 00:06:00,2026-02-27 01:18:00,18.4,2.75,35.2,54.8,1.2,terminee
177,SEA BAZOU,P1,SCDP,2026-01-24 14:30:00,2026-02-26 02:06:00,2026-02-28 01:24:00,2026-02-28 02:54:00,779.6,3.2,47.3,828.4,1.5,terminee
178,TRUE FRIEND,P9,GENERAL CARGO,2026-02-23 17:45:00,2026-02-26 15:10:00,2026-03-07 17:56:00,2026-03-07 19:48:00,69.42,3.52,218.76666666666668,290.05,1.8666666666666667,terminee
179,FLC HAPPINESS,P7,GENERAL CARGO,2026-02-25 16:00:00,2026-02-26 14:30:00,2026-03-03 17:48:00,2026-03-03 18:30:00,22.5,2.73,123.3,146.5,0.7,terminee
180,CRESTY,P2,ALUCAM,2026-02-23 23:30:00,2026-02-26 14:25:00,2026-03-04 04:12:00,2026-03-04 05:18:00,62.92,3.2,133.78333333333333,197.8,1.1,terminee
181,ELEANNA,P61,DD,2026-02-10 23:30:00,2026-02-27 02:30:00,2026-03-02 03:06:00,2026-03-02 04:24:00,387.0,3.1,72.6,460.9,1.3,terminee
182,CECILIE F,P52,LPG,2026-02-27 19:18:00,2026-02-28 06:00:00,2026-03-06 05:54:00,2026-03-06 07:20:00,10.7,6.63,143.9,156.03333333333333,1.4333333333333333,terminee
183,DESERT OAK,P1,SCDP,2026-02-23 12:30:00,2026-02-28 04:36:00,2026-03-02 03:30:00,2026-03-02 04:54:00,112.1,4.0,46.9,160.4,1.4,terminee
184,BLACK RHINO,P15,RTC,2026-02-28 02:15:00,2026-02-28 16:15:00,2026-03-01 15:45:00,2026-03-01 17:00:00,14.0,2.75,23.5,38.75,1.25,terminee
185,COLOMBIAN STAR,P12,FRUITIER,2026-03-01 00:30:00,2026-03-01 04:56:00,2026-03-02 16:22:00,2026-03-02 17:48:00,4.43,3.03,35.43333333333333,41.3,1.4333333333333333,terminee
186,ECO GALAXY,P51,CIMENTCAM,2026-02-28 17:00:00,2026-03-01 04:54:00,2026-03-03 17:12:00,2026-03-03 18:06:00,11.9,4.47,60.3,73.1,0.9,terminee
187,MIKE BAY,P4,GENERAL CARGO,2026-02-24 12:30:00,2026-03-01 04:30:00,2026-03-07 17:48:00,2026-03-07 18:54:00,112.0,3.87,157.3,270.4,1.1,terminee
188,BITU RIVER,P2,ALUCAM,2026-02-28 12:24:00,2026-03-01 05:12:00,2026-03-03 16:24:00,2026-03-03 17:30:00,16.8,3.5,59.2,77.1,1.1,terminee
189,DILESI,P61,DD,2026-02-09 08:00:00,2026-03-02 05:46:00,2026-03-06 17:30:00,2026-03-06 19:20:00,501.77,3.6,107.73333333333333,611.3333333333334,1.8333333333333333,terminee
190,SEA BAZOU 2,P1,SCDP,2026-02-26 18:12:00,2026-03-02 06:12:00,2026-03-06 06:18:00,2026-03-06 08:00:00,84.0,4.1,96.1,181.8,1.7,terminee
191,GRANDE TOGO,P16,RTC,2026-03-02 15:30:00,2026-03-03 06:20:00,2026-03-06 17:10:00,2026-03-06 18:56:00,14.83,14.86,82.83333333333333,99.43333333333334,1.7666666666666666,terminee
192,BWEK MADAGASCAR,P51,CIMENTCAM,2026-03-01 09:42:00,2026-03-03 19:30:00,2026-03-06 17:54:00,2026-03-06 19:42:00,57.8,3.3,70.4,130.0,1.8,terminee
193,MSC ROMINA II,P15,RTC,2026-03-02 05:30:00,2026-03-03 18:42:00,2026-03-05 16:54:00,2026-03-05 17:48:00,37.2,2.7,46.2,84.3,0.9,terminee
194,GLOBE ALIKI,P4,GENERAL CARGO,2026-03-02 15:00:00,2026-03-04 07:12:00,2026-03-10 19:18:00,2026-03-10 20:46:00,40.2,27.77,156.1,197.76666666666668,1.4666666666666666,terminee
195,UAL BRAZIL,P8,GENERAL CARGO,2026-03-04 07:00:00,2026-03-04 19:45:00,2026-03-05 06:53:00,2026-03-05 07:36:00,12.75,3.75,11.133333333333333,24.6,0.7166666666666667,terminee
196,MOLENGRACHT,P2,ALUCAM,2026-03-05 04:30:00,2026-03-05 08:12:00,2026-03-10 19:20:00,2026-03-10 21:10:00,3.7,4.37,131.13333333333333,136.66666666666666,1.8333333333333333,terminee
197,FILOTIMO,P14,RTC,2026-03-05 14:00:00,2026-03-05 19:00:00,2026-03-08 07:00:00,2026-03-08 07:46:00,5.0,2.37,60.0,65.76666666666667,0.7666666666666667,terminee
198,RAYYAN I,P1,SCDP,2025-10-01 14:00:00,2026-03-06 20:06:00,2026-03-09 06:54:00,2026-03-09 08:18:00,3750.1,4.9,58.8,3810.3,1.4,terminee
199,GRANDE GHANA,P16,RTC,2026-03-03 16:04:00,2026-03-06 20:42:00,2026-03-08 17:54:00,2026-03-08 19:25:00,76.63,7.29,45.2,123.35,1.5166666666666666,terminee
200,LILSTELLA,P51,CIMENTCAM,2026-03-06 01:30:00,2026-03-06 21:06:00,2026-03-08 07:00:00,2026-03-08 07:56:00,19.6,2.7,33.9,54.43333333333333,0.9333333333333333,terminee
201,STAR FIRST,P12,FRUITIER,2026-03-07 05:30:00,2026-03-07 10:10:00,2026-03-09 18:10:00,2026-03-09 19:36:00,4.67,3.48,56.0,62.1,1.4333333333333333,terminee
202,CMA CGM AGATHA,P14,RTC,2026-03-04 09:00:00,2026-03-04 20:06:00,2026-03-07 20:12:00,2026-03-07 21:15:00,11.1,4.77,72.1,84.25,1.05,terminee
203,TOP DILIGENCE,P9,GENERAL CARGO,2026-03-07 11:18:00,2026-03-07 21:00:00,2026-03-18 16:30:00,2026-03-18 17:40:00,9.7,3.67,259.5,270.3666666666667,1.1666666666666667,terminee
204,SEA CHALLENGER,P61,DD,2026-02-13 05:00:00,2026-03-07 21:12:00,2026-03-09 18:48:00,2026-03-09 20:09:00,544.2,3.48,45.6,591.15,1.35,terminee
205,SAFINAH,P60,DANGOTE,2026-03-08 02:00:00,2026-03-08 21:26:00,2026-03-15 14:45:00,2026-03-15 15:54:00,19.43,3.5,161.31666666666666,181.9,1.15,terminee
206,THORCO LIVA,P13,CEREALIER,2026-03-01 11:18:00,2026-03-08 20:54:00,2026-03-21 05:12:00,2026-03-21 06:30:00,177.6,4.1,296.3,475.2,1.3,terminee
207,LADY MINA,P3,GENERAL CARGO,2026-03-05 12:25:00,2026-03-09 08:40:00,2026-03-12 21:42:00,2026-03-12 22:16:00,92.25,2.7,85.03333333333333,177.85,0.5666666666666667,terminee
208,OCEAN DRAGON,P14,RTC,2026-03-07 09:54:00,2026-03-09 21:24:00,2026-03-10 07:00:00,2026-03-10 08:12:00,59.5,2.8,9.6,70.3,1.2,terminee
209,SEA BAZOU 2,P1,SCDP,2026-03-03 13:48:00,2026-03-09 21:06:00,2026-03-12 21:42:00,2026-02-12 22:42:00,151.3,,72.6,,,terminee
210,ARDMORE,P61,DD,2026-01-28 22:00:00,2026-03-09 20:48:00,2026-03-17 15:48:00,2026-03-17 17:36:00,958.8,3.8,187.0,1147.6,1.8,terminee
211,GFS SAPPHIRE,P15,RTC,2026-03-09 04:48:00,2026-03-10 21:30:00,2026-03-12 10:20:00,2026-03-12 11:24:00,40.7,3.4,36.833333333333336,78.6,1.0666666666666667,terminee
212,TEAM DREAM,P13,CEREALIER,2026-03-09 20:00:00,2026-03-10 22:12:00,2026-03-16 14:30:00,2026-03-16 14:54:00,26.2,2.93,136.3,162.9,0.4,terminee
213,V DUE,P7,GENERAL CARGO,2026-03-03 07:00:00,2026-03-10 22:48:00,2026-03-25 08:12:00,2026-03-25 09:54:00,183.8,4.77,345.4,530.9,1.7,terminee
214,PATRIA,P3,GENERAL CARGO,2026-03-08 09:10:00,2026-03-11 10:24:00,2026-03-12 19:42:00,2026-03-12 20:18:00,73.23,2.5,33.3,107.13333333333334,0.6,terminee
215,SAN VICENTE EXPRESS,P16,RTC,2026-03-11 08:30:00,2026-03-11 21:12:00,2026-03-13 11:44:00,2026-03-13 12:24:00,12.7,2.57,38.53333333333333,51.9,0.6666666666666666,terminee
216,HARUKA,P12,FRUITIER,2026-03-08 11:00:00,2026-03-11 22:15:00,2026-03-19 04:24:00,2026-03-19 05:12:00,83.25,2.7,174.15,258.2,0.8,terminee
217,MSC HAITI II,P16,RTC,2026-03-11 21:00:00,2026-03-12 13:24:00,2026-03-15 14:42:00,2026-03-15 15:36:00,16.4,3.4,73.3,90.6,0.9,terminee
218,BLACK RHINO,P14,RTC,2026-03-11 22:45:00,2026-03-12 23:25:00,2026-03-13 23:50:00,2026-03-14 00:46:00,24.67,2.28,24.416666666666668,50.016666666666666,0.9333333333333333,terminee
219,COTE D'IVOIRIAN STAR,P12,FRUITIER,2026-03-13 02:00:00,2026-03-14 01:48:00,2026-03-16 01:18:00,2026-03-16 02:40:00,23.8,2.59,47.5,72.66666666666667,1.3666666666666667,terminee
220,RANGIROA,P1,SCDP,2026-03-13 16:55:00,2026-03-14 01:15:00,2026-03-16 02:06:00,2026-03-16 03:06:00,8.33,2.65,48.85,58.18333333333333,1.0,terminee
221,UNISKY,P6,GENERAL CARGO,2026-03-06 16:00:00,2026-03-14 16:36:00,2026-03-22 06:36:00,2026-03-22 07:54:00,192.6,3.2,182.0,375.9,1.3,terminee
222,BWEK MADAGASCAR,P51,CIMENTCAM,2026-03-13 13:00:00,2026-03-14 16:12:00,2026-03-18 04:00:00,2026-03-18 05:06:00,27.2,3.63,83.8,112.1,1.1,terminee
223,MSC ALICE II,P16,RTC,2026-03-13 22:06:00,2026-03-14 15:42:00,2026-03-17 02:24:00,2026-03-17 03:12:00,17.6,3.4,58.7,77.1,0.8,terminee
224,MAGIC CELESTE,P52,LPG,2026-03-13 20:48:00,2026-03-14 15:18:00,2026-03-19 17:30:00,2026-03-19 18:40:00,18.5,3.47,122.2,141.86666666666667,1.1666666666666667,terminee
225,HANNAH,P6,GENERAL CARGO,2026-02-27 15:00:00,2026-03-04 19:12:00,2026-03-14 14:00:00,2026-03-14 15:12:00,124.2,3.8,234.8,360.2,1.2,terminee
226,ECO BLIZZARD,P51,CIMENTCAM,2026-03-10 14:00:00,2026-03-10 23:24:00,2026-03-14 13:00:00,2026-03-14 14:18:00,9.4,3.92,85.6,96.3,1.3,terminee
227,KOTA RAKAN,P14,RTC,2026-03-14 14:00:00,2026-03-15 17:06:00,2026-03-17 03:18:00,2026-03-17 04:06:00,27.1,3.1,34.2,62.1,0.8,terminee
228,RC ASPELIA,P12,FRUITIER,2026-03-09 06:20:00,2026-03-16 02:48:00,2026-03-21 17:42:00,2026-03-21 18:54:00,164.47,1.8,134.9,300.56666666666666,1.2,terminee
229,ESL AUSTRALIA,P13,CEREALIER,2026-03-15 05:00:00,2026-03-16 17:06:00,2026-03-25 09:30:00,2026-03-25 10:46:00,36.1,4.73,208.4,245.76666666666668,1.2666666666666666,terminee
230,BLACK RHINO,P14,RTC,2026-03-15 23:02:00,2026-03-17 04:52:00,2026-03-18 04:30:00,2026-03-18 05:18:00,29.83,2.77,23.633333333333333,54.266666666666666,0.8,terminee
231,SEA BAZOU 2,P1,SCDP,2026-03-17 02:00:00,2026-03-17 04:54:00,2026-03-20 04:42:00,2026-03-20 05:00:00,2.9,2.2,71.8,75.0,0.3,terminee
232,GRANDE FRANCIA,P16,RTC,2026-03-17 14:48:00,2026-03-17 18:18:00,2026-03-19 16:50:00,2026-03-19 17:56:00,3.5,3.1,46.53333333333333,51.13333333333333,1.1,terminee
233,MAERSK DURBAN,P15,RTC,2026-03-17 07:26:00,2026-03-17 18:04:00,2026-03-19 17:27:00,2026-03-19 18:30:00,10.63,3.07,47.38333333333333,59.06666666666667,1.05,terminee
234,G PACIFIC,P60,DANGOTE,2026-03-16 03:30:00,2026-03-17 18:24:00,2026-03-24 19:54:00,2026-03-24 21:12:00,38.9,3.93,169.5,209.7,1.3,terminee
235,BERNERS,P61,DD,2026-03-03 00:18:00,2026-03-17 19:30:00,2026-03-21 18:06:00,2026-03-21 19:18:00,355.2,3.5,94.6,451.0,1.2,terminee
236,PVT EMERALD,P3,GENERAL CARGO,2026-03-03 00:30:00,2026-03-18 19:30:00,2026-03-25 20:36:00,2026-03-25 22:00:00,379.0,4.27,169.1,549.5,1.4,terminee
237,DA HONG 16,P12,FRUITIER,2026-03-16 11:00:00,2026-03-18 19:45:00,2026-03-25 08:10:00,2026-03-25 09:10:00,56.75,3.25,156.41666666666666,214.16666666666666,1.0,terminee
238,JIN JUN,P4,GENERAL CARGO,2026-02-26 18:00:00,2026-03-06 20:24:00,2026-03-18 17:00:00,2026-03-18 18:18:00,194.4,4.3,284.6,480.3,1.3,terminee
239,STELLAR ALAZANI,P4,GENERAL CARGO,2026-03-13 05:00:00,2026-03-19 06:40:00,2026-03-26 21:12:00,2026-03-26 22:10:00,145.67,2.94,182.53333333333333,329.1666666666667,0.9666666666666667,terminee
240,OLANGO ISLAND,P52,LPG,2026-03-15 09:00:00,2026-03-19 19:30:00,2026-03-25 08:58:00,2026-03-25 10:16:00,106.5,4.77,133.46666666666667,241.26666666666668,1.3,terminee
241,MSC NIKOLETA II,P16,RTC,2026-03-15 13:18:00,2026-03-19 19:34:00,2026-03-22 06:18:00,2026-03-22 07:20:00,102.27,3.7,58.733333333333334,162.03333333333333,1.0333333333333334,terminee
242,ECO BLIZZARD,P51,CIMENTCAM,2026-03-19 13:54:00,2026-03-19 19:51:00,2026-03-25 09:18:00,2026-03-25 10:51:00,5.95,4.0,133.45,140.95,1.55,terminee
243,FILOTIMO,P14,RTC,2026-03-16 05:30:00,2026-03-19 19:54:00,2026-03-22 19:18:00,2026-03-22 19:20:00,86.4,1.76,71.4,157.83333333333334,0.03333333333333333,terminee
244,COSTA RICAN STAR,P12,FRUITIER,2026-03-20 16:00:00,2026-03-20 19:12:00,2026-03-22 18:32:00,2026-03-22 19:58:00,3.2,3.17,47.333333333333336,51.96666666666667,1.4333333333333333,terminee
245,MANTA HATICE,P13,CEREALIER,2026-03-18 10:40:00,2026-03-21 07:50:00,2026-03-26 10:45:00,2026-03-26 11:42:00,69.17,3.17,122.91666666666667,193.03333333333333,0.95,terminee
246,ARCADIA T,P61,DD,2026-02-19 10:00:00,2026-03-21 20:48:00,2026-03-24 18:42:00,2026-03-24 20:00:00,730.8,3.53,69.9,802.0,1.3,terminee
247,CMA CGM AGATHA,P15,RTC,2026-03-20 22:30:00,2026-03-21 21:00:00,2026-03-24 08:18:00,2026-03-24 08:50:00,22.5,3.87,59.3,82.33333333333333,0.5333333333333333,terminee
248,CLARKE QUAY,P52,LPG,2026-03-21 19:00:00,2026-03-22 09:48:00,2026-03-27 12:12:00,2026-03-27 13:18:00,14.8,4.3,122.4,138.3,1.1,terminee
249,NIPAYIA,P1,SCDP,2026-03-20 18:30:00,2026-03-22 21:30:00,2026-03-25 20:12:00,2026-03-25 21:48:00,51.0,3.8,70.7,123.3,1.6,terminee
250,OUTRIDER,P12,FRUITIER,2026-03-14 21:00:00,2026-03-22 21:30:00,2026-03-31 02:54:00,2026-03-31 04:00:00,192.5,2.6,197.4,391.0,1.1,terminee
251,SILVER GLORY,P16,RTC,2026-03-24 05:30:00,,2026-03-24 19:15:00,2026-03-24 20:36:00,,2.0,,15.1,1.35,terminee
252,GFS SAPPHIRE,P14,RTC,2026-03-22 14:30:00,2026-03-23 21:12:00,2026-03-25 19:36:00,2026-03-25 21:00:00,30.7,3.8,46.4,78.5,1.4,terminee
253,SEA BAZOU 2,P61,DD,2026-03-24 14:21:00,2026-03-24 22:48:00,2026-03-28 13:54:00,2026-03-28 15:06:00,8.45,2.97,87.1,96.75,1.2,terminee
254,ARIZONA,P16,RTC,2026-03-19 05:00:00,2026-03-24 21:25:00,2026-03-31 15:50:00,2026-03-31 16:54:00,136.42,,162.41666666666666,299.9,1.0666666666666667,terminee
255,SAFINAH,P60,DANGOTE,2026-03-22 01:00:00,2026-03-24 22:35:00,2026-03-31 16:14:00,2026-03-31 17:36:00,69.58,3.88,161.65,232.6,1.3666666666666667,terminee
256,ULTRA SAN PEDRO,P6,GENERAL CARGO,2026-03-20 17:30:00,2026-03-25 12:42:00,2026-03-31 02:12:00,2026-03-31 03:26:00,115.2,3.6,133.5,249.93333333333334,1.2333333333333334,terminee
257,BWEK MADAGASCAR,P51,CIMENTCAM,2026-03-24 18:30:00,2026-03-25 11:48:00,2026-03-29 14:54:00,2026-03-29 16:12:00,17.3,3.03,99.1,117.7,1.3,terminee
258,ANNELIESE,P13,CEREALIER,2026-03-24 13:00:00,2026-03-25 10:48:00,2026-04-02 03:48:00,2026-04-02 04:54:00,21.8,3.1,185.0,207.9,1.1,terminee
259,AMIS WISDOM II,P4,GENERAL CARGO,2026-03-16 11:00:00,2026-03-25 11:54:00,2026-04-01 16:06:00,2026-04-01 17:20:00,216.9,3.73,172.2,390.3333333333333,1.2333333333333334,terminee
260,AFRICAN RUBY,P1,SCDP,2026-03-16 21:00:00,2026-03-25 23:06:00,2026-03-28 13:00:00,2026-03-28 14:12:00,218.1,2.8,61.9,281.2,1.2,terminee
261,GOTEBORG,P14,RTC,2026-03-25 09:48:00,2026-03-25 23:18:00,2026-03-26 22:42:00,2026-03-26 23:12:00,13.5,2.9,23.4,37.4,0.5,terminee
262,ALBERTO TOPIC,P7,GENERAL CARGO,2026-03-19 16:30:00,2026-03-25 22:58:00,2026-04-01 04:00:00,2026-04-01 04:46:00,150.47,3.8,149.03333333333333,300.26666666666665,0.7666666666666667,terminee
263,AMIRA IRINI,P12,FRUITIER,2026-03-23 11:00:00,2026-03-26 13:05:00,2026-03-28 13:30:00,2026-03-28 14:42:00,74.08,3.31,48.416666666666664,123.7,1.2,terminee
264,EKATERINA,P2,ALUCAM,2026-03-21 07:00:00,2026-03-26 23:54:00,2026-04-02 15:48:00,2026-04-02 17:06:00,136.9,3.23,159.9,298.1,1.3,terminee
265,MSC ALICE II,P15,RTC,2026-03-25 20:48:00,2026-03-27 13:54:00,2026-03-29 14:12:00,2026-03-29 15:46:00,41.1,3.83,48.3,90.96666666666667,1.5666666666666667,terminee
266,MORINA THERESA,P52,LPG,2026-03-21 21:00:00,2026-03-27 14:45:00,2026-03-29 00:48:00,2026-03-29 01:42:00,137.75,2.45,34.05,172.7,0.9,terminee
267,BLACK RHINO,P14,RTC,2026-03-27 21:15:00,2026-03-28 01:45:00,2026-03-30 01:25:00,2026-03-30 01:56:00,4.5,1.84,47.666666666666664,52.68333333333333,0.5166666666666667,terminee
268,PING AN SONG,P12,FRUITIER,2026-03-26 19:30:00,2026-03-30 03:00:00,2026-04-03 16:42:00,2026-04-03 17:54:00,79.5,2.65,109.7,190.4,1.2,terminee
269,AMYLA,P61,DD,2026-03-17 04:30:00,2026-03-28 16:24:00,2026-03-30 02:18:00,2026-03-30 03:00:00,275.9,2.73,33.9,310.5,0.7,terminee
270,UAL CASTLE,P1,SCDP,2026-03-28 15:30:00,2026-03-29 02:42:00,2026-03-30 02:00:00,2026-03-30 02:48:00,11.2,2.5,23.3,35.3,0.8,terminee
271,CARIBBEAN STAR,P12,FRUITIER,2026-03-28 11:00:00,2026-03-28 15:36:00,2026-03-30 01:50:00,2026-03-30 02:30:00,4.6,2.5,34.233333333333334,39.5,0.6666666666666666,terminee
272,ECO GALAXY,P51,CIMENTCAM,2026-03-25 15:00:00,2026-03-29 17:30:00,2026-04-02 16:36:00,2026-04-02 17:42:00,98.5,2.6,95.1,194.7,1.1,terminee
273,MSC ROMINA II,P15,RTC,2026-03-28 02:00:00,2026-03-29 17:00:00,2026-04-01 17:12:00,2026-04-01 17:54:00,39.0,3.37,72.2,111.9,0.7,terminee
274,SAN VICENTE EXPRESS,P16,RTC,2026-03-28 02:30:00,2026-03-29 02:12:00,2026-04-01 15:42:00,2026-04-01 16:54:00,23.7,3.1,85.5,110.4,1.2,terminee
275,AMIRA IRINI,P2,ALUCAM,2026-03-28 16:45:00,2026-03-31 05:30:00,2026-04-03 18:12:00,2026-04-03 19:18:00,60.75,4.12,84.7,146.55,1.1,terminee
276,CARINA,P6,GENERAL CARGO,2026-03-26 19:30:00,2026-03-31 05:15:00,2026-04-14 14:10:00,2026-04-14 15:30:00,105.75,3.58,344.9166666666667,452.0,1.3333333333333333,terminee
277,PINARELLO,P61,DD,2026-03-22 20:00:00,2026-03-30 18:30:00,2026-04-05 05:54:00,2026-04-05 07:06:00,190.5,4.13,131.4,323.1,1.2,terminee
278,SEA BAZOU 2,P1,SCDP,2026-03-22 15:00:00,2026-03-31 18:42:00,2026-04-04 05:18:00,2026-04-04 06:36:00,219.7,3.8,82.6,303.6,1.3,terminee
279,DUBAI WORLD,P3,GENERAL CARGO,2026-03-30 14:00:00,2026-03-31 19:00:00,2026-04-13 13:36:00,2026-04-13 14:42:00,29.0,3.5,306.6,336.7,1.1,terminee
280,TRAVELING SAGE,P60,DANGOTE,2026-03-28 10:48:00,2026-03-31 18:00:00,2026-04-05 18:24:00,2026-04-05 19:30:00,79.2,3.8,120.4,200.7,1.1,terminee
281,G PACIFIC,P52,LPG,2026-03-24 22:42:00,2026-03-31 18:12:00,2026-04-04 17:12:00,2026-04-04 18:00:00,163.5,3.67,95.0,259.3,0.8,terminee
282,AFRICA HOPE,P7,GENERAL CARGO,2026-03-30 11:00:00,2026-04-01 05:54:00,2026-04-08 18:42:00,2026-04-08 19:30:00,42.9,4.15,180.8,224.5,0.8,terminee
283,KOTA RAKAN,P14,RTC,2026-03-31 04:36:00,2026-04-01 06:00:00,2026-04-02 17:12:00,2026-04-02 17:56:00,25.4,3.06,35.2,61.333333333333336,0.7333333333333333,terminee
284,FILOTIMO,P15,RTC,2026-03-31 16:00:00,2026-04-01 18:26:00,2026-04-03 18:12:00,2026-04-03 18:48:00,26.43,3.5,47.766666666666666,74.8,0.6,terminee
285,PACIFIC WEALTH,P4,GENERAL CARGO,2026-03-31 07:18:00,2026-04-01 18:36:00,2026-04-05 05:28:00,2026-04-05 05:42:00,35.3,2.63,82.86666666666666,118.4,0.23333333333333334,terminee
286,JASMUND,P3,GENERAL CARGO,2026-03-26 09:06:00,2026-04-02 19:18:00,2026-04-12 12:00:00,2026-04-12 13:06:00,178.2,3.9,232.7,412.0,1.1,terminee
287,GOTEBORG,P14,RTC,2026-04-01 12:30:00,2026-04-02 19:24:00,2026-04-04 06:00:00,2026-04-04 06:50:00,30.9,3.67,34.6,66.33333333333333,0.8333333333333334,terminee
288,ECO BLIZZARD,P51,CIMENTCAM,2026-04-01 04:48:00,2026-04-02 20:18:00,2026-04-08 18:24:00,2026-04-08 19:36:00,39.5,4.0,142.1,182.8,1.2,terminee
289,GRANDE ANGOLA,P16,RTC,2026-04-02 16:12:00,2026-04-03 06:49:00,2026-04-05 17:41:00,2026-04-05 18:42:00,14.62,3.38,58.86666666666667,74.5,1.0166666666666666,terminee
290,DIXON,P52,LPG,2026-04-02 23:18:00,2026-04-03 19:30:00,2026-04-08 07:30:00,2026-04-08 08:36:00,20.2,4.4,108.0,129.3,1.1,terminee
291,COLOMBIAN STAR,P12,FRUITIER,2026-04-03 13:36:00,2026-04-03 19:36:00,2026-04-05 05:23:00,2026-04-05 06:18:00,6.0,3.1,33.78333333333333,40.7,0.9166666666666666,terminee
292,UML VICTORIA,P2,ALUCAM,2026-03-31 02:00:00,2026-04-03 20:36:00,2026-04-06 18:18:00,2026-04-06 19:18:00,90.6,3.1,69.7,161.3,1.0,terminee
293,GFS SAPPHIRE,P14,RTC,2026-04-01 08:00:00,2026-04-04 07:50:00,2026-04-05 18:00:00,2026-04-05 19:16:00,71.83,3.15,34.166666666666664,107.26666666666667,1.2666666666666666,terminee
294,BLACK RHINO,P15,RTC,2026-04-01 23:40:00,2026-04-03 19:50:00,2026-04-04 08:12:00,2026-04-04 08:24:00,44.17,4.33,12.366666666666667,56.733333333333334,0.2,terminee
295,CLACTON,P13,CEREALIER,2026-04-04 05:30:00,2026-04-04 19:54:00,2026-04-13 13:18:00,2026-04-13 14:20:00,14.4,3.37,209.4,224.83333333333334,1.0333333333333334,terminee
296,BERNERS,P61,DD,2026-03-30 20:00:00,2026-04-05 09:00:00,2026-04-09 19:36:00,2026-04-09 20:32:00,133.0,3.03,106.6,240.53333333333333,0.9333333333333333,terminee
297,EMMANOUIL,P4,GENERAL CARGO,2026-04-01 08:00:00,2026-04-05 08:06:00,2026-04-12 12:42:00,2026-04-12 14:00:00,96.1,3.83,172.6,270.0,1.3,terminee
298,G PACIFIC,P12,FRUITIER,2026-03-16 03:30:00,2026-04-05 08:18:00,2026-04-06 18:18:00,2026-04-06 19:04:00,484.8,3.8,34.0,519.5666666666667,0.7666666666666667,terminee
299,MSC HAITI II,P15,RTC,2026-04-04 23:18:00,2026-04-05 20:12:00,2026-04-08 07:36:00,2026-04-08 08:18:00,20.9,3.3,59.4,81.0,0.7,terminee
300,BITU RIVER,P1,SCDP,2026-04-05 01:00:00,2026-04-05 20:24:00,2026-04-07 06:42:00,2026-04-07 07:50:00,19.4,3.13,34.3,54.833333333333336,1.1333333333333333,terminee
301,GOLDENEYE,P12,FRUITIER,2026-04-01 19:30:00,2026-04-06 20:10:00,2026-04-11 22:00:00,2026-04-11 23:12:00,120.67,3.17,121.83333333333333,243.7,1.2,terminee
302,SEA BAZOU 2,P1,SCDP,2026-04-06 23:30:00,2026-04-07 21:06:00,2026-04-10 09:24:00,2026-04-10 09:46:00,21.6,3.17,60.3,82.26666666666667,0.36666666666666664,terminee
303,CMA CGM AGATHA,P15,RTC,2026-04-08 01:12:00,2026-04-08 09:36:00,2026-04-10 10:36:00,2026-04-10 11:14:00,8.4,2.75,49.0,58.03333333333333,0.6333333333333333,terminee
304,UAL MANITOBA,P2,ALUCAM,2026-04-08 05:30:00,2026-04-08 09:10:00,2026-04-14 01:30:00,2026-04-14 02:42:00,3.67,2.97,136.33333333333334,141.2,1.2,terminee
305,SAPET GAS,P51,CIMENTCAM,2026-04-05 14:00:00,2026-04-08 20:48:00,2026-04-19 17:48:00,2026-04-19 19:24:00,78.8,3.4,261.0,341.4,1.6,terminee
306,DSM ANAS,P7,GENERAL CARGO,2026-04-01 03:00:00,2026-04-08 00:48:00,2026-04-16 15:50:00,2026-04-16 17:00:00,165.8,3.2,207.03333333333333,374.0,1.1666666666666667,terminee
307,MSC NIKOLETA II,P14,RTC,2026-04-08 20:00:00,2026-04-09 10:06:00,2026-04-11 21:30:00,2026-04-11 22:36:00,14.1,4.83,59.4,74.6,1.1,terminee
308,DILESI,P61,DD,2026-03-15 22:36:00,2026-04-09 21:24:00,2026-04-13 14:18:00,2026-04-13 15:20:00,598.8,2.23,88.9,688.7333333333333,1.0333333333333334,terminee
309,GOTEBORG,P15,RTC,2026-04-10 07:30:00,2026-04-10 11:30:00,2026-04-12 12:24:00,2026-04-12 13:30:00,4.0,3.0,48.9,54.0,1.1,terminee
310,MSC ALICE II,P14,RTC,2026-04-10 09:18:00,2026-04-12 00:00:00,2026-04-13 14:00:00,2026-04-13 14:06:00,38.7,2.18,38.0,76.8,0.1,terminee
311,ENFORD,P1,SCDP,2026-04-06 00:00:00,2026-04-11 12:30:00,2026-04-14 01:48:00,2026-04-14 03:04:00,132.5,3.77,61.3,195.06666666666666,1.2666666666666666,terminee
312,STAR FIRST,P12,FRUITIER,2026-04-11 21:30:00,2026-04-12 00:24:00,2026-04-14 00:40:00,2026-04-14 02:06:00,2.9,2.7,48.266666666666666,52.6,1.4333333333333333,terminee
313,AGIA EKATERINI,P4,GENERAL CARGO,2026-04-11 10:05:00,2026-04-12 15:24:00,2026-04-22 07:15:00,2026-04-22 08:24:00,29.32,3.33,231.85,262.31666666666666,1.15,terminee
314,KOTA RAKAN,P15,RTC,2026-04-11 04:54:00,2026-04-12 14:24:00,2026-04-14 01:30:00,2026-04-14 02:40:00,33.5,2.63,35.1,69.76666666666667,1.1666666666666667,terminee
315,DUBAI EARTH,P3,GENERAL CARGO,2026-04-10 19:12:00,2026-04-12 14:42:00,2026-04-24 10:12:00,2026-04-24 11:06:00,43.5,2.4,283.5,327.9,0.9,terminee
316,ARDMORE,P61,DD,2026-04-04 03:30:00,2026-04-13 17:06:00,2026-04-17 04:06:00,2026-04-17 05:24:00,229.6,3.2,83.0,313.9,1.3,terminee
317,BLACK RHINO,P14,RTC,2026-04-11 21:00:00,2026-04-13 16:12:00,2026-04-14 14:00:00,2026-04-14 15:12:00,43.2,3.87,21.8,66.2,1.2,terminee
318,LAKE ONTARIO,P13,CEREALIER,2026-04-13 08:00:00,2026-04-13 15:54:00,2026-04-20 18:00:00,2026-04-20 19:24:00,7.9,3.0,170.1,179.4,1.4,terminee
319,GRANDE ARGENTINA,P16,RTC,2026-04-11 09:42:00,2026-04-13 15:40:00,2026-04-16 03:24:00,2026-04-16 03:54:00,53.97,2.27,59.733333333333334,114.2,0.5,terminee
320,EVA CARLTON,P4,GENERAL CARGO,2026-03-26 07:30:00,2026-04-13 15:24:00,2026-04-19 17:36:00,2026-04-19 18:55:00,439.9,3.42,146.2,587.4166666666666,1.3166666666666667,terminee
321,PEARL I,P12,FRUITIER,2026-04-12 08:00:00,2026-04-14 03:42:00,2026-04-20 05:18:00,2026-04-20 07:36:00,43.7,3.75,145.6,191.6,2.3,terminee
322,SEA CHALLENGER,P1,SCDP,2026-04-13 00:00:00,2026-04-14 04:30:00,2026-04-16 16:30:00,2026-04-16 17:50:00,28.5,3.23,60.0,89.83333333333333,1.3333333333333333,terminee
323,ELARA,P2,ALUCAM,2026-04-12 11:30:00,2026-04-14 03:36:00,2026-04-18 17:27:00,2026-04-18 19:18:00,40.1,3.85,109.85,151.8,1.85,terminee
324,SAN VICENTE EXPRESS,P15,RTC,2026-04-12 11:30:00,2026-04-14 04:42:00,2026-04-15 14:48:00,2026-04-15 16:04:00,41.2,3.67,34.1,76.56666666666666,1.2666666666666666,terminee
325,PRINCESS MARIA,P12,FRUITIER,2026-04-11 19:50:00,2026-04-14 16:55:00,2026-04-30 03:24:00,2026-04-30 04:54:00,69.08,3.77,370.48333333333335,441.06666666666666,1.5,terminee
326,PATRIA,P14,RTC,2026-04-06 13:10:00,2026-04-14 17:00:00,2026-04-18 17:50:00,2026-04-18 18:06:00,195.83,2.0,96.83333333333333,292.93333333333334,0.26666666666666666,terminee
327,FALKENBERG,P15,RTC,2026-04-12 15:00:00,2026-04-15 17:18:00,2026-04-16 16:12:00,2026-04-16 17:12:00,74.3,3.3,22.9,98.2,1.0,terminee
328,SEA BAZOU 2,P1,SCDP,2026-04-16 01:00:00,2026-04-16 19:42:00,2026-04-21 07:00:00,2026-04-21 08:48:00,18.7,4.4,107.3,127.8,1.8,terminee
329,LM HERMES,P15,RTC,2026-04-16 09:00:00,2026-04-16 18:30:00,2026-04-18 05:00:00,2026-04-18 05:54:00,9.5,3.6,34.5,44.9,0.9,terminee
330,GFS SAPPHIRE,P16,RTC,2026-04-15 03:00:00,2026-04-16 18:54:00,2026-04-19 05:38:00,2026-04-19 06:55:00,39.9,3.28,58.733333333333334,99.91666666666667,1.2833333333333334,terminee
331,MXD QUANZHOU,P3,GENERAL CARGO,2026-03-29 06:00:00,2026-04-17 06:24:00,2026-04-25 22:30:00,2026-04-25 23:35:00,456.4,3.02,208.1,665.5833333333334,1.0833333333333333,terminee
332,CELSIA,P61,DD,2026-03-22 03:00:00,2026-04-17 07:00:00,2026-04-22 07:18:00,2026-04-22 09:06:00,628.0,3.85,120.3,750.1,1.8,terminee
333,MSC ROMINA II,P15,RTC,2026-04-17 20:30:00,2026-04-18 06:54:00,2026-04-20 19:36:00,2026-04-20 20:06:00,10.4,4.0,60.7,71.6,0.5,terminee
334,RANGIROA,P12,FRUITIER,2026-04-16 10:20:00,2026-04-18 07:05:00,2026-04-19 18:08:00,2026-04-19 19:30:00,44.75,2.83,35.05,81.16666666666667,1.3666666666666667,terminee
335,MSC ALICE II,P16,RTC,2026-04-16 00:24:00,2026-04-19 08:24:00,2026-04-21 19:00:00,2026-04-21 19:54:00,80.0,2.8,58.6,139.5,0.9,terminee
336,NORVIC COPENHAGEN,P52,LPG,2026-04-19 00:12:00,2026-04-19 20:36:00,2026-04-25 11:36:00,2026-04-25 13:00:00,20.4,3.5,135.0,156.8,1.4,terminee
337,COTE D'IVOIRIAN STAR,P12,FRUITIER,2026-04-19 15:30:00,2026-04-19 20:42:00,2026-04-21 18:12:00,2026-04-21 19:18:00,5.2,2.7,45.5,51.8,1.1,terminee
338,UAL HARRIER,P2,ALUCAM,2026-04-19 15:48:00,2026-04-20 07:52:00,2026-04-22 19:22:00,2026-04-22 20:18:00,16.07,3.17,59.5,76.5,0.9333333333333333,terminee
339,RUNAWAY BAY,P6,GENERAL CARGO,2026-04-19 06:00:00,2026-04-20 08:03:00,2026-04-29 02:00:00,2026-04-29 03:12:00,26.05,3.78,209.95,237.2,1.2,terminee
340,MARINA,P14,RTC,2026-04-19 23:48:00,2026-04-20 09:12:00,2026-04-22 07:42:00,2026-04-22 08:36:00,9.4,2.9,46.5,56.8,0.9,terminee
341,ECO BLIZZARD,P51,CIMENTCAM,2026-04-18 01:24:00,2026-04-20 21:30:00,2026-04-28 01:42:00,2026-04-28 03:06:00,68.1,3.9,172.2,241.7,1.4,terminee
342,ALAKAS I,P1,SCDP,2026-04-11 17:30:00,2026-04-21 09:54:00,2026-04-22 19:48:00,2026-04-22 20:30:00,232.4,2.4,33.9,267.0,0.7,terminee
343,TRAVELING SAGE,P60,DANGOTE,2026-04-20 06:00:00,2026-04-20 08:54:00,2026-04-24 10:54:00,2026-04-24 11:36:00,2.9,3.77,98.0,101.6,0.7,terminee
344,LADY BABU,P12,FRUITIER,2026-04-21 06:50:00,2026-04-21 20:48:00,2026-04-27 13:36:00,2026-04-27 14:56:00,13.97,3.03,136.8,152.1,1.3333333333333333,terminee
345,MSC HAITI II,P15,RTC,2026-04-21 11:00:00,2026-04-22 09:36:00,2026-04-24 20:54:00,2026-04-24 22:32:00,22.6,3.13,59.3,83.53333333333333,1.6333333333333333,terminee
346,BLACK RHINO,P14,RTC,2026-04-22 00:30:00,2026-04-22 10:15:00,2026-04-23 20:30:00,2026-04-23 21:24:00,9.75,2.98,34.25,44.9,0.9,terminee
347,AFRICAN MARVEL,P61,DD,2026-04-15 12:12:00,2026-04-22 10:36:00,2026-04-25 23:48:00,2026-04-26 00:48:00,166.4,3.2,85.2,252.6,1.0,terminee
348,ARAGUARI,P10,GENERAL CARGO,2026-04-21 20:00:00,2026-04-22 15:06:00,2026-04-25 12:36:00,2026-04-25 13:42:00,19.1,3.1,69.5,89.7,1.1,terminee
349,COROMEL,P1,SCDP,2026-04-18 02:24:00,2026-04-23 22:54:00,2026-04-27 00:54:00,2026-04-27 02:00:00,140.5,3.3,74.0,215.6,1.1,terminee
350,MAERSK DURBAN,P15,RTC,2026-04-20 07:50:00,2026-04-24 23:54:00,2026-04-25 23:18:00,2026-04-26 00:06:00,112.07,3.33,23.4,136.26666666666668,0.8,terminee
351,ASPHALT TERANGA,P2,ALUCAM,2026-04-24 15:30:00,2026-04-24 23:30:00,2026-04-26 12:24:00,2026-04-26 13:26:00,8.0,3.73,36.9,45.93333333333333,1.0333333333333334,terminee
352,ARGO I,P4,GENERAL CARGO,2026-04-24 00:16:00,2026-04-24 12:15:00,2026-05-09 10:00:00,2026-05-09 11:00:00,11.98,2.66,357.75,370.73333333333335,1.0,terminee
353,MSC NIKOLETA II,P14,RTC,2026-04-25 01:00:00,2026-04-25 14:12:00,2026-04-27 00:24:00,2026-04-27 01:36:00,13.2,2.97,34.2,48.6,1.2,terminee
354,COSTA RICAN STAR,P12,FRUITIER,2026-04-25 10:00:00,2026-04-25 13:30:00,2026-04-27 00:48:00,2026-04-27 01:48:00,3.5,2.6,35.3,39.8,1.0,terminee
355,COSCO KUNLUNSHAN,P3,GENERAL CARGO,2026-04-25 04:00:00,2026-04-26 01:00:00,2026-05-09 08:15:00,2026-05-09 09:24:00,21.0,8763.13,319.25,341.4,1.15,terminee
356,MARINA,P15,RTC,2026-04-25 01:30:00,2026-04-26 01:36:00,2026-04-27 13:12:00,2026-04-27 14:30:00,24.1,2.9,35.6,61.0,1.3,terminee
357,SEA BAZOU 2,P61,DD,2026-04-25 17:30:00,2026-04-26 02:06:00,2026-04-29 14:36:00,2026-04-29 15:54:00,8.6,2.93,84.5,94.4,1.3,terminee
358,ANARITA,P60,DANGOTE,2026-04-26 06:15:00,2026-04-26 15:20:00,2026-05-05 06:00:00,2026-05-05 07:06:00,9.08,3.6,206.66666666666666,216.85,1.1,terminee
359,ELARA,P2,ALUCAM,2026-04-27 09:00:00,2026-04-27 16:18:00,2026-04-28 01:36:00,2026-04-28 02:48:00,7.3,4.44,9.3,17.8,1.2,terminee
360,SPAR GEMINI,P13,CEREALIER,2026-04-27 11:30:00,2026-04-28 03:48:00,2026-05-05 05:24:00,2026-05-05 06:30:00,16.3,2.4,169.6,187.0,1.1,terminee
361,CMA CGM SHAKESPEARE,P15,RTC,2026-04-24 14:00:00,2026-04-27 16:24:00,2026-04-29 02:30:00,2026-04-29 04:00:00,74.4,4.0,34.1,110.0,1.5,terminee
362,EVA CARLTON,P3,GENERAL CARGO,2026-04-19 20:24:00,2026-04-27 16:20:00,2026-05-04 06:24:00,2026-05-04 07:12:00,187.93,3.43,158.06666666666666,346.8,0.8,terminee
363,ESL AMERICA,P12,FRUITIER,2026-04-27 04:45:00,2026-04-27 15:18:00,2026-05-06 06:24:00,2026-05-06 07:54:00,10.55,3.67,207.1,219.15,1.5,terminee
364,DORIC SHOGUN,P51,CIMENTCAM,2026-04-28 14:12:00,2026-04-28 17:18:00,2026-05-02 04:30:00,2026-05-02 05:42:00,3.1,4.3,83.2,87.5,1.2,terminee
365,BLACK RHINO,P14,RTC,2026-04-26 05:50:00,2026-04-28 16:54:00,2026-04-29 14:10:00,2026-04-29 15:24:00,59.07,3.3,21.266666666666666,81.56666666666666,1.2333333333333334,terminee
366,MSC ROMINA II,P15,RTC,2026-04-24 19:48:00,2026-04-29 04:30:00,2026-04-30 16:20:00,2026-04-30 17:20:00,104.7,4.47,35.833333333333336,141.53333333333333,1.0,terminee
367,CASSIOPEA,P6,GENERAL CARGO,2026-04-28 09:00:00,2026-04-29 04:50:00,2026-05-06 18:30:00,2026-05-06 19:30:00,19.83,3.05,181.66666666666666,202.5,1.0,terminee
368,GRANDE GUINEA,P16,RTC,2026-04-28 16:18:00,2026-04-29 05:21:00,2026-05-01 04:15:00,2026-05-01 05:24:00,13.05,2.95,46.9,61.1,1.15,terminee
369,JUN CHENG FA ZHAN,P4,GENERAL CARGO,2026-04-29 17:42:00,2026-04-30 05:42:00,2026-05-12 00:24:00,2026-05-12 01:36:00,12.0,4.5,282.7,295.9,1.2,terminee
370,KOTA RAKAN,P4,GENERAL CARGO,2026-04-29 01:42:00,2026-04-29 16:48:00,2026-05-01 04:36:00,2026-05-01 05:36:00,15.1,3.1,35.8,51.9,1.0,terminee
371,ARAGUARI,P10,GENERAL CARGO,2026-04-29 11:00:00,2026-04-29 15:48:00,2026-04-30 14:36:00,2026-04-30 15:48:00,4.8,3.0,22.8,28.8,1.2,terminee
372,ECO BLIZZARD,P51,CIMENTCAM,2026-04-29 11:48:00,2026-04-29 17:18:00,2026-05-05 06:48:00,2026-05-05 07:30:00,5.5,2.9,133.5,139.7,0.7,terminee
373,GFS SAPPHIRE,P15,RTC,2026-04-27 18:30:00,2026-04-30 18:14:00,2026-05-03 05:12:00,2026-05-03 05:54:00,71.73,3.03,58.96666666666667,131.4,0.7,terminee
374,FUROR,P11,GENERAL CARGO,2026-04-30 14:30:00,2026-04-30 17:00:00,2026-05-05 16:58:00,2026-05-05 17:24:00,2.5,1.75,119.96666666666667,122.9,0.43333333333333335,terminee
375,GLOS ORO,P61,DD,2026-02-27 23:01:00,2026-04-30 08:16:00,2026-05-06 07:28:00,2026-05-06 08:42:00,1473.25,5.63,143.2,1617.6833333333334,1.2333333333333334,terminee
376,VIOLA,P14,RTC,2026-04-29 11:12:00,2026-05-02 07:06:00,2026-05-04 05:18:00,2026-05-04 06:12:00,67.9,2.6,46.2,115.0,0.9,terminee
377,CARIBBEAN STAR,P12,FRUITIER,2026-05-01 23:01:00,2026-05-02 06:02:00,2026-05-03 16:36:00,2026-05-03 17:48:00,7.02,3.63,34.56666666666667,42.78333333333333,1.2,terminee
378,GRANDE GHANA,P16,RTC,2026-05-02 02:00:00,2026-05-02 06:26:00,2026-05-04 16:54:00,2026-05-04 18:00:00,4.43,3.13,58.46666666666667,64.0,1.1,terminee
379,PELAGICA,P1,SCDP,2026-05-01 08:42:00,2026-05-02 18:36:00,2026-05-06 19:41:00,2026-05-06 20:12:00,33.9,3.2,97.08333333333333,131.5,0.5166666666666667,terminee
380,SAN VICENTE EXPRESS,P15,RTC,2026-04-28 13:24:00,2026-05-03 06:54:00,2026-05-04 18:00:00,2026-05-04 19:00:00,113.5,3.23,35.1,149.6,1.0,terminee
381,AFRICAN WIND,P12,FRUITIER,2026-05-01 18:00:00,2026-05-03 19:12:00,2026-05-10 21:48:00,2026-05-10 21:52:00,49.2,3.92,170.6,219.86666666666667,0.06666666666666667,terminee
382,INVINCIBLE,P3,GENERAL CARGO,2026-05-01 05:30:00,2026-05-04 07:56:00,2026-05-10 10:36:00,2026-05-10 11:36:00,74.43,3.43,146.66666666666666,222.1,1.0,terminee
383,ECO GALAXY,P51,CIMENTCAM,2026-05-01 08:48:00,2026-05-05 08:30:00,2026-05-09 10:06:00,2026-05-09 11:16:00,95.7,3.27,97.6,194.46666666666667,1.1666666666666667,terminee
384,SEA BAZOU 2,P1,SCDP,2026-05-03 17:00:00,2026-05-06 09:24:00,2026-05-09 08:36:00,2026-05-09 10:12:00,64.4,3.6,71.2,137.2,1.6,terminee
385,CMA CGM SHAKESPEARE,P15,RTC,2026-05-01 13:00:00,2026-05-04 19:00:00,2026-05-07 08:00:00,2026-05-07 08:55:00,78.0,3.32,61.0,139.91666666666666,0.9166666666666666,terminee
386,LM HERMES,P14,RTC,2026-05-03 05:00:00,2026-05-04 19:18:00,2026-05-06 17:42:00,2026-05-06 18:50:00,38.3,3.03,46.4,85.83333333333333,1.1333333333333333,terminee
387,PINARELLO,P61,DD,2026-04-18 07:00:00,2026-05-04 22:24:00,2026-05-09 09:30:00,2026-05-09 10:54:00,399.4,5.32,107.1,507.9,1.4,terminee
388,SSI FORMIDABLE II,P13,CEREALIER,2026-05-05 13:45:00,2026-05-06 09:50:00,2026-05-13 01:30:00,2026-05-13 02:03:00,20.08,2.73,159.66666666666666,180.3,0.55,terminee
389,AMALEA,P12,FRUITIER,2026-05-01 05:20:00,2026-05-06 20:35:00,2026-05-12 00:00:00,2026-05-12 01:00:00,135.25,2.48,123.41666666666667,259.6666666666667,1.0,terminee
390,MSC ALICE II,P16,RTC,2026-05-06 06:00:00,2026-05-06 20:24:00,2026-05-08 19:54:00,2026-05-08 20:42:00,14.4,3.45,47.5,62.7,0.8,terminee
391,VIOLA,P15,RTC,2026-05-06 12:48:00,2026-05-07 10:18:00,2026-05-09 10:00:00,2026-05-09 11:00:00,21.5,3.4,47.7,70.2,1.0,terminee
392,ANUBIS,P4,GENERAL CARGO,2026-04-09 14:35:00,2026-05-07 19:40:00,2026-05-09 09:25:00,2026-05-09 10:25:00,677.08,2.99,37.75,715.8333333333334,1.0,terminee
393,MEDKON NLG,P16,RTC,2026-05-08 01:48:00,2026-05-08 22:06:00,2026-05-09 20:18:00,2026-05-09 21:26:00,20.3,3.72,22.2,43.63333333333333,1.1333333333333333,terminee
394,COLOMBIAN STAR,P12,FRUITIER,2026-05-08 16:00:00,2026-05-08 21:42:00,2026-05-10 10:24:00,2026-05-10 11:12:00,5.7,2.35,36.7,43.2,0.8,terminee
395,SEA BAZOU,P61,DD,2026-05-01 17:30:00,2026-05-09 11:45:00,2026-05-13 00:30:00,2026-05-13 01:42:00,186.25,3.25,84.75,272.2,1.2,terminee
396,HENRY WELL,P9,GENERAL CARGO,2026-05-08 21:00:00,2026-05-09 10:48:00,2026-05-16 03:06:00,2026-05-16 05:10:00,13.8,4.22,160.3,176.16666666666666,2.066666666666667,terminee
397,PAGODA,P4,GENERAL CARGO,2026-05-08 17:00:00,2026-05-09 12:06:00,2026-05-22 19:36:00,2026-05-22 20:54:00,19.1,3.5,319.5,339.9,1.3,terminee
398,SAFINAH,P60,DANGOTE,2026-05-09 08:00:00,2026-05-09 22:48:00,2026-05-17 16:54:00,2026-05-17 18:06:00,14.8,4.3,186.1,202.1,1.2,terminee
399,ARDBEG,P52,LPG,2026-05-09 18:00:00,2026-05-09 23:06:00,2026-05-11 10:36:00,2026-05-11 11:00:00,5.1,2.03,35.5,41.0,0.4,terminee
400,REA,P12,FRUITIER,2026-05-10 10:12:00,2026-05-10 23:30:00,2026-05-20 19:12:00,2026-05-20 20:00:00,13.3,3.5,235.7,249.8,0.8,terminee
401,BOCS SPIRIT,P7,GENERAL CARGO,2026-05-08 07:00:00,2026-05-10 23:30:00,2026-05-16 03:36:00,2026-05-16 05:18:00,64.5,3.82,124.1,190.3,1.7,terminee
402,BWEK MADAGASCAR,P51,CIMENTCAM,2026-05-09 23:36:00,2026-05-10 12:36:00,2026-05-14 14:06:00,2026-05-14 15:30:00,13.0,3.2,97.5,111.9,1.4,terminee
403,MAERSK REGENSBURG,P14,RTC,2026-05-10 18:00:00,2026-05-11 14:06:00,2026-05-13 00:24:00,2026-05-13 01:24:00,20.1,3.5,34.3,55.4,1.0,terminee
404,MARYAM,P52,LPG,2026-05-11 09:30:00,2026-05-12 15:06:00,2026-05-18 06:06:00,2026-06-18 07:30:00,29.6,748.7,135.0,910.0,745.4,terminee
405,SILVER RAY,P16,RTC,2026-05-12 06:00:00,2026-05-12 15:50:00,2026-05-14 01:24:00,2026-05-14 02:38:00,9.83,4.01,33.56666666666667,44.63333333333333,1.2333333333333334,terminee
406,MSC NIKOLETA II,P15,RTC,2026-05-11 21:30:00,2026-05-12 15:00:00,2026-05-20 19:24:00,2026-05-21 20:12:00,17.5,28.0,196.4,238.7,24.8,terminee
407,GOLDEN JASMINE,P1,SCDP,2026-05-26 00:12:00,2026-05-13 03:18:00,2026-05-14 14:42:00,2026-05-14 16:00:00,,3.67,35.4,,1.3,terminee
408,KOTA RAKAN,P14,RTC,2026-05-13 09:24:00,2026-05-14 03:48:00,2026-05-15 15:06:00,2026-05-15 16:30:00,18.4,3.1,35.3,55.1,1.4,terminee
409,NORSE ZEALAND,P7,GENERAL CARGO,2026-05-13 18:00:00,2026-05-14 17:12:00,2026-05-23 21:00:00,2026-05-23 22:06:00,23.2,3.83,219.8,244.1,1.1,terminee
410,SAVANNA,P61,DD,2026-05-08 15:00:00,2026-05-14 17:30:00,2026-05-22 09:00:00,2026-05-22 10:22:00,146.5,3.97,183.5,331.3666666666667,1.3666666666666667,terminee
411,LADY VICTORIA I,P1,SCDP,2026-05-12 02:30:00,2026-05-14 18:18:00,2026-05-18 05:54:00,2026-05-18 07:14:00,63.8,4.6,83.6,148.73333333333332,1.3333333333333333,terminee
412,GFS SAPPHIRE,P14,RTC,2026-05-11 05:30:00,2026-05-13 15:14:00,2026-05-15 02:06:00,2026-05-15 03:06:00,57.73,2.82,34.86666666666667,93.6,1.0,terminee
413,VIOLA,P14,RTC,2026-05-14 18:30:00,2026-05-15 04:24:00,2026-05-16 04:30:00,2026-05-16 05:36:00,9.9,4.0,24.1,35.1,1.1,terminee
414,PANORIA,P5,GENERAL CARGO,2026-05-14 13:00:00,2026-05-15 13:00:00,2026-05-22 08:58:00,2026-05-22 09:45:00,24.0,,163.96666666666667,188.75,0.7833333333333333,terminee
415,ECO DOMINATOR,P51,CIMENTCAM,2026-05-15 09:00:00,2026-05-15 17:36:00,2026-05-20 18:36:00,2026-05-20 19:46:00,8.6,3.77,121.0,130.76666666666668,1.1666666666666667,terminee
416,GRANDE SENEGAL,P16,RTC,2026-05-17 04:00:00,2026-05-17 14:42:00,2026-05-20 18:06:00,2026-05-20 19:12:00,10.7,9.5,75.4,87.2,1.1,terminee
417,BLACK RHINO,P14,RTC,2026-05-15 20:30:00,2026-05-16 17:40:00,2026-05-17 17:25:00,2026-05-17 18:22:00,21.17,3.7,23.75,45.86666666666667,0.95,terminee
418,UNITY MERMAID,P60,DANGOTE,2026-05-17 14:12:00,2026-05-17 19:12:00,2026-05-25 12:30:00,2026-05-25 13:28:00,5.0,3.47,185.3,191.26666666666668,0.9666666666666667,terminee
419,STAR FIRST,P12,FRUITIER,2026-05-18 05:00:00,2026-05-18 08:06:00,2026-05-19 18:17:00,2026-05-19 19:36:00,3.1,2.45,34.18333333333333,38.6,1.3166666666666667,terminee
420,ORIENT GLORY,P7,GENERAL CARGO,2026-05-17 17:12:00,2026-05-18 07:35:00,2026-05-28 01:42:00,2026-05-28 02:54:00,14.38,3.58,234.11666666666667,249.7,1.2,terminee
421,MSC HAITI II,P15,RTC,2026-05-16 23:24:00,2026-05-18 19:48:00,2026-05-21 19:30:00,2026-05-21 20:36:00,44.4,3.4,71.7,117.2,1.1,terminee
422,VIOLA,P14,RTC,2026-05-19 12:30:00,2026-05-19 21:12:00,2026-05-21 19:42:00,2026-05-21 20:54:00,8.7,3.45,46.5,56.4,1.2,terminee
423,THOR MERCURY,P12,FRUITIER,2026-05-18 15:45:00,2026-05-19 20:54:00,2026-05-23 09:00:00,2026-05-23 10:12:00,29.15,3.85,84.1,114.45,1.2,terminee
424,ULTRA PEMBA,P2,ALUCAM,2026-05-14 07:30:00,2026-05-19 20:00:00,2026-05-23 09:30:00,2026-05-23 10:36:00,132.5,3.3,85.5,219.1,1.1,terminee
425,ECO BLIZZARD,P51,CIMENTCAM,2026-05-14 07:18:00,2026-05-20 20:54:00,2026-05-27 13:54:00,2026-05-27 15:12:00,157.6,3.8,161.0,319.9,1.3,terminee
426,PATRIA,P16,RTC,2026-04-27 09:50:00,2026-05-21 10:40:00,2026-05-27 14:26:00,2026-05-27 15:02:00,576.83,3.6,147.76666666666668,725.2,0.6,terminee
427,KYRNIKOS,P1,SCDP,2026-05-08 15:00:00,2026-05-18 09:00:00,2026-05-21 19:48:00,2026-05-21 21:00:00,234.0,3.3,82.8,318.0,1.2,terminee
428,SAN VICENTE EXPRESS,P15,RTC,2026-05-18 06:42:00,2026-05-21 21:36:00,2026-05-23 20:50:00,2026-05-23 21:42:00,86.9,2.5,47.233333333333334,135.0,0.8666666666666667,terminee
429,GOTEBORG,P14,RTC,2026-05-19 17:00:00,2026-05-21 22:00:00,2026-05-23 11:00:00,2026-05-23 11:26:00,53.0,3.43,37.0,90.43333333333334,0.43333333333333335,terminee
430,LADY VICTORIA I,P61,DD,2026-05-22 00:00:00,2026-05-22 12:00:00,2026-05-25 13:06:00,2026-05-25 13:48:00,12.0,3.67,73.1,85.8,0.7,terminee
431,ERMOUPOLIS,P5,GENERAL CARGO,2026-05-21 07:00:00,2026-05-22 11:00:00,2026-06-04 18:12:00,2026-06-04 19:15:00,28.0,2.73,319.2,348.25,1.05,terminee
432,BLACK RHINO,P14,RTC,2026-05-21 19:40:00,2026-05-23 11:48:00,2026-05-24 11:06:00,2026-05-24 12:00:00,40.13,2.87,23.3,64.33333333333333,0.9,terminee
433,DILESI,P1,SCDP,2026-05-05 05:12:00,2026-05-23 23:30:00,2026-05-26 13:12:00,2026-05-26 14:34:00,450.3,3.77,61.7,513.3666666666667,1.3666666666666667,terminee
434,LM HERMES,P15,RTC,2026-05-22 18:00:00,2026-05-23 23:00:00,2026-05-25 12:12:00,2026-05-25 13:06:00,29.0,3.05,37.2,67.1,0.9,terminee
435,BREEZE 1,P6,GENERAL CARGO,2026-05-23 23:42:00,2026-05-24 13:10:00,2026-05-30 15:55:00,2026-05-30 16:54:00,13.47,3.4,146.75,161.2,0.9833333333333333,terminee
436,MSC ALICE II,P16,RTC,2026-05-22 16:30:00,2026-05-24 13:16:00,2026-05-26 13:06:00,2026-05-26 14:12:00,44.77,3.57,47.833333333333336,93.7,1.1,terminee
437,COTE D'IVOIRIAN STAR,P12,FRUITIER,2026-05-24 21:00:00,2026-05-25 00:18:00,2026-05-26 12:36:00,2026-05-26 13:42:00,3.3,3.4,36.3,40.7,1.1,terminee
438,KOTA RAKAN,P15,RTC,2026-05-23 20:42:00,2026-05-25 14:12:00,2026-05-27 01:06:00,2026-05-27 01:46:00,41.5,2.07,34.9,77.06666666666666,0.6666666666666666,terminee
439,AFRICAN CORAL,P61,DD,2026-05-02 10:00:00,2026-05-25 15:24:00,2026-05-30 16:44:00,2026-05-30 17:24:00,557.4,3.8,121.33333333333333,679.4,0.6666666666666666,terminee
440,SEA BAZOU 2,P1,SCDP,2026-05-12 18:48:00,2026-05-26 16:30:00,2026-05-30 03:42:00,2026-05-30 05:06:00,333.7,3.4,83.2,418.3,1.4,terminee
441,GRANDE BENIN,P16,RTC,2026-05-26 11:42:00,2026-05-26 15:36:00,2026-05-28 14:06:00,2026-05-28 14:54:00,3.9,2.6,46.5,51.2,0.8,terminee
442,ENGIADINA,P52,LPG,2026-05-26 06:12:00,2026-05-26 15:30:00,2026-06-01 05:00:00,2026-06-01 05:50:00,9.3,2.83,133.5,143.63333333333333,0.8333333333333334,terminee
443,ECO GALAXY,P51,CIMENTCAM,2026-05-17 00:36:00,2026-05-27 16:36:00,2026-05-31 15:54:00,2026-05-31 17:10:00,256.0,3.24,95.3,352.56666666666666,1.2666666666666666,terminee
444,GFS SAPPHIRE,P15,RTC,2026-05-24 16:30:00,2026-05-27 16:26:00,2026-05-28 13:42:00,2026-05-28 14:32:00,71.93,3.0,21.266666666666666,94.03333333333333,0.8333333333333334,terminee
445,ALMA DEFENDER,P14,RTC,2026-05-27 10:12:00,2026-05-28 09:48:00,2026-05-30 05:00:00,2026-05-30 05:00:00,23.6,3.8,43.2,66.8,0.0,terminee
446,ALMA LOADER,P14,RTC,2026-05-27 10:12:00,2026-05-28 09:48:00,2026-05-30 05:00:00,2026-05-30 05:00:00,23.6,3.8,43.2,66.8,0.0,terminee
447,BOCS BREMEN,P8,GENERAL CARGO,2026-05-28 09:54:00,2026-05-28 15:52:00,2026-06-06 08:54:00,2026-06-06 20:12:00,5.97,3.0,209.03333333333333,226.3,11.3,terminee
448,GRANDE ANGOLA,P15,RTC,2026-05-29 02:00:00,2026-05-29 05:24:00,2026-05-31 15:30:00,2026-05-31 16:36:00,3.4,3.4,58.1,62.6,1.1,terminee
449,AL JUBAIL,P16,RTC,2026-05-24 07:00:00,2026-05-29 04:54:00,2026-05-30 03:12:00,2026-05-30 04:30:00,117.9,3.7,22.3,141.5,1.3,terminee
450,GADWALL,P13,CEREALIER,2026-05-29 02:30:00,2026-05-29 16:24:00,2026-06-03 17:18:00,2026-06-03 18:34:00,13.9,3.17,120.9,136.06666666666666,1.2666666666666666,terminee
451,BLACK RHINO,P15,RTC,2026-05-28 19:10:00,2026-05-30 06:42:00,2026-05-31 16:30:00,2026-05-31 17:25:00,35.53,2.62,33.8,70.25,0.9166666666666666,terminee
452,MAERSK REGENSBURG,P14,RTC,2026-05-30 04:31:00,2026-05-31 06:42:00,2026-06-01 16:24:00,2026-06-01 17:00:00,26.18,2.23,33.7,60.483333333333334,0.6,terminee
453,COSTA RICAN STAR,P12,FRUITIER,2026-05-31 02:30:00,2026-05-31 06:00:00,2026-06-01 16:42:00,2026-06-01 17:20:00,3.5,3.03,34.7,38.833333333333336,0.6333333333333333,terminee
454,VIOLA,P14,RTC,2026-05-29 14:00:00,2026-05-30 06:12:00,2026-05-31 04:36:00,2026-05-31 05:36:00,16.2,3.43,22.4,39.6,1.0,terminee
455,ENFORD,P1,SCDP,2026-05-08 22:54:00,2026-05-30 18:00:00,2026-06-02 16:48:00,2026-06-02 17:48:00,523.1,2.93,70.8,594.9,1.0,terminee
456,CELSIA,P61,DD,2026-05-24 00:30:00,2026-05-30 18:36:00,2026-06-03 18:06:00,2026-06-03 19:06:00,162.1,2.6,95.5,258.6,1.0,terminee
457,GOTEBORG,P15,RTC,2026-05-30 17:42:00,2026-05-31 18:12:00,2026-06-02 04:54:00,2026-06-02 06:18:00,24.5,2.75,34.7,60.6,1.4,terminee
458,BWEK MADAGASCAR,P51,CIMENTCAM,2026-05-20 10:42:00,2026-05-31 18:18:00,2026-06-08 10:24:00,2026-06-08 11:30:00,271.6,3.1,184.1,456.8,1.1,terminee
459,LEONIDAS,P60,DANGOTE,2026-05-29 23:30:00,2026-05-30 17:36:00,2026-06-04 19:12:00,2026-06-04 20:42:00,18.1,4.67,121.6,141.2,1.5,terminee
460,BELLIS THERESA,P52,LPG,2026-05-28 09:42:00,2026-06-01 07:24:00,2026-06-02 17:00:00,2026-06-02 17:54:00,93.7,3.0,33.6,128.2,0.9,terminee
461,XING YANG HE,P3,GENERAL CARGO,2026-05-21 03:42:00,2026-06-02 07:42:00,2026-06-12 02:02:00,2026-06-12 03:12:00,292.0,3.2,234.33333333333334,527.5,1.1666666666666667,terminee
462,SEA BAZOU,P61,DD,2026-05-31 04:30:00,2026-06-03 20:48:00,2026-06-08 21:00:00,2026-06-08 22:24:00,88.3,3.3,120.2,209.9,1.4,terminee
463,LADY VICTORIA I,P1,SCDP,2026-06-01 20:00:00,2026-06-03 20:42:00,2026-06-07 19:48:00,2026-06-07 19:48:00,48.7,2.1,95.1,143.8,0.0,terminee
464,DUBAI CROWN,P7,GENERAL CARGO,2026-06-02 18:30:00,2026-06-03 19:18:00,2026-06-17 17:36:00,2026-06-17 18:48:00,24.8,3.6,334.3,360.3,1.2,terminee
465,BITU RIVER,P13,CEREALIER,2026-06-04 00:18:00,2026-06-04 08:00:00,2026-06-05 18:24:00,2026-06-05 19:28:00,7.7,2.67,34.4,43.166666666666664,1.0666666666666667,terminee
466,DEVBULK KAYA,P5,GENERAL CARGO,2026-05-28 18:15:00,2026-06-04 20:36:00,2026-06-14 16:24:00,2026-06-14 17:42:00,170.35,3.47,235.8,407.45,1.3,terminee
467,GOTEBORG,P14,RTC,2026-06-06 04:30:00,2026-06-06 10:30:00,2026-06-08 10:00:00,2026-06-08 11:00:00,6.0,3.6,47.5,54.5,1.0,terminee
468,MSC ROMINA II,P15,RTC,2026-06-05 19:30:00,2026-06-06 09:30:00,2026-06-08 10:24:00,2026-06-08 11:18:00,14.0,3.1,48.9,63.8,0.9,terminee
469,CARIBBEAN STAR,P12,FRUITIER,2026-06-06 06:00:00,2026-06-06 09:56:00,2026-06-07 19:06:00,2026-06-01 20:00:00,3.93,1.83,33.166666666666664,,,terminee
470,GRANDE ARGENTINA,P16,RTC,2026-06-04 07:00:00,2026-06-06 10:12:00,2025-06-08 09:35:00,2026-06-08 10:36:00,51.2,17571.53,,99.6,8761.016666666666,terminee
471,BOCS PASSION,P8,GENERAL CARGO,2026-06-07 15:30:00,2026-06-07 21:06:00,2026-06-08 10:36:00,2026-06-08 11:24:00,5.6,2.88,13.5,19.9,0.8,terminee
472,SEA BAZOU 2,P61,DD,2026-06-08 16:48:00,2026-06-09 00:24:00,2026-06-12 13:36:00,2026-06-12 14:12:00,7.6,2.93,85.2,93.4,0.6,terminee
473,ECO BLIZZARD,P51,CIMENTCAM,2026-06-05 10:06:00,2026-06-08 12:26:00,2026-06-14 15:54:00,2026-06-14 16:54:00,74.33,3.47,147.46666666666667,222.8,1.0,terminee
474,GRANDE ATLANTICO,P16,RTC,2026-06-09 08:00:00,2026-06-09 13:15:00,2026-06-10 23:24:00,2026-06-11 00:42:00,5.25,3.98,34.15,40.7,1.3,terminee
475,LM HERMES,P15,RTC,2026-06-08 19:30:00,2026-06-09 12:54:00,2026-06-11 12:12:00,2026-06-11 13:24:00,17.4,3.33,47.3,65.9,1.2,terminee
476,SUNNY FORTUNE,P60,DANGOTE,2026-06-09 02:06:00,2026-06-09 12:48:00,2026-06-14 16:36:00,2026-06-14 08:00:00,10.7,,123.8,125.9,,terminee
477,FEDERAL TRIDENT,P4,GENERAL CARGO,2026-06-09 07:00:00,2026-06-10 14:18:00,2026-06-16 17:24:00,2026-06-16 18:20:00,31.3,2883.8,147.1,179.33333333333334,0.9333333333333333,terminee
478,KOTA RAKAN,P14,RTC,2026-06-10 02:12:00,2026-06-10 14:24:00,2026-06-11 13:30:00,2026-06-11 14:16:00,12.2,4.07,23.1,36.06666666666667,0.7666666666666667,terminee
479,ANUNNAKI,P16,RTC,2026-06-08 20:24:00,2026-06-11 01:42:00,2026-06-13 02:36:00,2026-06-13 03:40:00,53.3,3.27,48.9,103.26666666666667,1.0666666666666667,terminee
480,KYRNIKOS,P1,SCDP,2026-06-09 19:00:00,2026-06-11 02:18:00,2026-06-14 03:48:00,2026-06-14 04:42:00,31.3,2.9,73.5,105.7,0.9,terminee
481,TOP ELEGANCE,P3,GENERAL CARGO,2026-06-11 07:32:00,2026-06-11 14:36:00,2026-06-16 05:18:00,2026-06-16 06:18:00,7.07,3.67,110.7,118.76666666666667,1.0,terminee
482,GFS SAPPHIRE,P15,RTC,2026-06-08 18:00:00,2026-06-11 14:42:00,2026-06-13 14:24:00,2026-06-13 15:12:00,68.7,2.3,47.7,117.2,0.8,terminee
483,BLACK RHINO,P14,RTC,2026-06-09 06:30:00,2026-06-11 15:22:00,2026-06-13 02:18:00,2026-06-13 03:12:00,56.87,2.23,34.93333333333333,92.7,0.9,terminee
484,MSC ALICE II,P16,RTC,2026-06-10 09:00:00,2026-06-12 04:30:00,2026-06-14 15:24:00,2026-06-14 16:14:00,43.5,2.6,58.9,103.23333333333333,0.8333333333333334,terminee
485,MARINA,P14,RTC,2026-06-12 07:30:00,2026-06-13 04:18:00,2026-06-14 16:18:00,2026-06-14 17:00:00,20.8,2.8,36.0,57.5,0.7,terminee
486,COLOMBIAN STAR,P12,FRUITIER,2026-06-12 22:24:00,,2026-06-14 15:48:00,2026-06-14 16:12:00,,0.9,,41.8,0.4,terminee
487,AFRICAN CORAL,P61,DD,2026-05-30 19:00:00,2026-06-13 05:06:00,2026-06-15 04:42:00,2026-06-15 05:40:00,322.1,2.97,47.6,370.6666666666667,0.9666666666666667,terminee
488,SIRENIA,P51,CIMENTCAM,2026-06-07 06:30:00,2026-06-14 18:42:00,2026-06-16 05:42:00,2026-06-16 06:30:00,180.2,3.6,35.0,216.0,0.8,terminee
489,SAN VICENTE EXPRESS,P14,RTC,2026-06-14 20:48:00,2026-06-15 06:30:00,2026-06-17 05:54:00,2026-06-16 07:10:00,9.7,,47.4,34.36666666666667,,terminee
490,SEA BAZOU 2,P61,DD,2026-06-15 17:06:00,2026-06-16 07:30:00,2026-06-19 08:24:00,2026-06-19 09:30:00,14.4,3.5,72.9,88.4,1.1,terminee
491,GRANDE TOGO,P16,RTC,2026-06-16 13:24:00,2026-06-16 19:24:00,2026-06-19 07:18:00,2026-06-19 08:36:00,6.0,2.7,59.9,67.2,1.3,terminee
492,VAN HANNOH,P3,GENERAL CARGO,2026-06-16 06:20:00,2026-06-16 18:54:00,,,12.57,1.5,,,,en_cours
493,MSC ROMINA II,P15,RTC,2026-06-16 09:30:00,2026-06-17 08:50:00,2026-06-19 07:48:00,2026-06-19 08:48:00,23.33,4.3,46.96666666666667,71.3,1.0,terminee
494,CHATHAM ISLAND,P8,GENERAL CARGO,2026-06-16 16:00:00,2026-06-17 09:12:00,,,17.2,1.95,,,,en_cours
495,MORINA THERESA,P51,CIMENTCAM,2026-06-16 05:18:00,2026-06-16 19:24:00,2026-06-18 19:18:00,2026-06-18 20:06:00,14.1,3.82,47.9,62.8,0.8,terminee
496,MAGELLAN,P1,SCDP,2026-06-16 20:24:00,2026-06-17 21:06:00,2026-06-20 20:06:00,2026-06-20 21:00:00,24.7,4.7,71.0,96.6,0.9,terminee
497,TINA,P6,GENERAL CARGO,2026-06-17 11:30:00,2026-06-17 19:25:00,,,7.92,1.82,,,,en_cours
498,SOLANA,P9,GENERAL CARGO,2026-06-15 04:00:00,2026-06-17 20:12:00,,,64.2,2.1,,,,en_cours
499,VIOLA,P14,RTC,2026-06-17 20:00:00,2026-06-18 09:12:00,2026-06-19 19:12:00,2026-06-19 19:48:00,13.2,3.0,34.0,47.8,0.6,terminee
500,FORTUNATO,P51,CIMENTCAM,2026-06-17 19:00:00,2026-06-18 20:54:00,,,25.9,1.7,,,,en_cours
501,KONG QUE SONG,P12,FRUITIER,2026-06-18 10:06:00,2026-06-18 20:54:00,2026-06-19 19:40:00,2026-06-19 21:00:00,10.8,2.86,22.766666666666666,34.9,1.3333333333333333,terminee
502,DAJI,P3,GENERAL CARGO,2026-06-18 06:45:00,2026-06-18 20:10:00,,,13.42,1.77,,,,en_cours
503,NIPAYIA,P61,DD,2026-06-17 16:45:00,2026-06-19 10:30:00,2026-06-23 10:24:00,2026-06-23 11:30:00,41.75,8.1,95.9,138.75,1.1,terminee
504,GRANDE GHANA,P16,RTC,2026-06-17 17:00:00,2026-06-19 10:18:00,2026-06-22 09:42:00,2026-06-22 10:18:00,41.3,3.5,71.4,113.3,0.6,terminee
505,ALMERAY,P13,CEREALIER,2026-06-18 22:30:00,2026-06-19 09:54:00,,,11.4,2.47,,,,en_cours
506,KOTA RAKAN,P15,RTC,2026-06-20 14:30:00,2026-06-21 10:48:00,2026-06-22 09:54:00,2026-06-22 10:30:00,20.3,2.9,23.1,44.0,0.6,terminee
507,STAR PRIMA,P12,FRUITIER,2026-06-20 08:00:00,2026-06-20 10:36:00,2026-06-22 09:24:00,2026-06-22 09:54:00,2.6,2.7,46.8,49.9,0.5,terminee
508,KOWIE,P1,SCDP,2026-06-19 10:30:00,2026-06-20 22:30:00,,,36.0,1.4,,,,en_cours
509,MSM DOLORES,P14,RTC,2026-06-21 01:45:00,2026-06-21 22:12:00,2026-06-22 22:00:00,2026-06-22 22:48:00,20.45,3.83,23.8,45.05,0.8,terminee
510,MORINA THERESA,P52,LPG,2026-06-21 15:48:00,2026-06-23 00:10:00,,,32.37,1.27,,,,en_cours
511,VIOLA,P14,RTC,2026-06-21 13:00:00,2026-06-22 11:18:00,2026-06-23 10:06:00,2026-06-23 11:12:00,22.3,2.4,22.8,46.2,1.1,terminee
512,GM YONGAN,P12,FRUITIER,2026-06-22 08:30:00,2026-06-22 10:48:00,,,2.3,0.8,,,,en_cours
513,SHARK ISLAND,P60,DANGOTE,2026-06-21 19:24:00,2026-06-22 23:42:00,,,28.3,1.12,,,,en_cours
514,SEA BAZOU,P61,DD,2026-06-19 03:00:00,2026-06-23 12:48:00,,,105.8,1.2,,,,en_cours
515,MSC ALICE II,P15,RTC,2026-06-22 08:34:00,2026-06-23 12:27:00,,,27.88,1.18,,,,en_cours
