mois,quai,heures_occupees,nombre_escales,jours_mois,heures_disponibles,taux_occupation_pct,debit_escales_par_jour_occupe
2025-12,P1,32.899999999722226,1.0,31,744,4.4220430107153526,0.729483282680931
2025-12,P10,0.0,0.0,31,744,0.0,
2025-12,P11,0.0,0.0,31,744,0.0,
2025-12,P12,0.0,0.0,31,744,0.0,
2025-12,P13,20.999999999722224,1.0,31,744,2.822580645123955,1.1428571428722598
2025-12,P14,20.999999999722224,1.0,31,744,2.822580645123955,1.1428571428722598
2025-12,P15,20.666666666388892,1.0,31,744,2.7777777777404427,1.1612903225962536
2025-12,P16,180.59999999944444,2.0,31,744,24.27419354831242,0.26578073089782756
2025-12,P2,145.3999999997222,1.0,31,744,19.543010752650837,0.1650618982121448
2025-12,P3,0.0,0.0,31,744,0.0,
2025-12,P4,0.0,0.0,31,744,0.0,
2025-12,P5,170.69999999972222,1.0,31,744,22.94354838705944,0.1405975395432868
2025-12,P51,33.09999999972222,1.0,31,744,4.4489247311454605,0.7250755287069912
2025-12,P52,0.0,0.0,31,744,0.0,
2025-12,P6,146.33333333305555,1.0,31,744,19.66845878132467,0.1640091116176234
2025-12,P60,70.39999999972223,1.0,31,744,9.462365591360514,0.34090909091043603
2025-12,P61,59.49999999972222,1.0,31,744,7.997311827919654,0.40336134453969824
2025-12,P7,0.0,0.0,31,744,0.0,
2025-12,P8,0.0,0.0,31,744,0.0,
2025-12,P9,0.0,0.0,31,744,0.0,
2026-01,P1,470.73333333305555,6.0,31,744,63.27060931895908,0.30590567908246347
2026-01,P10,0.0,0.0,31,744,0.0,
2026-01,P11,47.25,1.0,31,744,6.350806451612903,0.5079365079365079
2026-01,P12,586.2333333325,11.0,31,744,78.79480286727151,0.4503326320584101
2026-01,P13,806.0666666663889,6.0,31,744,108.3422939067727,0.17864527334387104
2026-01,P14,342.34999999972223,10.0,31,744,46.01478494619922,0.7010369504898342
2026-01,P15,540.0333333333333,11.0,31,744,72.58512544802866,0.488858712425159
2026-01,P16,796.8666666663888,13.0,31,744,107.10573476698775,0.3915335062328814
2026-01,P2,755.3666666663889,6.0,31,744,101.52777777774045,0.19063589426775465
2026-01,P3,0.0,0.0,31,744,0.0,
2026-01,P4,364.7999999997222,3.0,31,744,49.032258064478796,0.19736842105278185
2026-01,P5,639.5999999997222,3.0,31,744,85.96774193544653,0.1125703564728444
2026-01,P51,737.0999999997222,8.0,31,744,99.07258064512395,0.26048026048035866
2026-01,P52,461.8333333330555,6.0,31,744,62.07437275981928,0.31180079393739435
2026-01,P6,819.4833333333333,5.0,31,744,110.14560931899642,0.1464337285688137
2026-01,P60,334.1,3.0,31,744,44.905913978494624,0.21550434001795868
2026-01,P61,708.9999999997223,9.0,31,744,95.29569892469385,0.30465444287741134
2026-01,P7,550.7,3.0,31,744,74.01881720430109,0.13074269112039222
2026-01,P8,0.0,0.0,31,744,0.0,
2026-01,P9,350.53333333305557,3.0,31,744,47.11469534046446,0.20540129326756482
2026-02,P1,410.3666666663889,6.0,28,672,61.06646825392692,0.3509056940949496
2026-02,P10,0.0,0.0,28,672,0.0,
2026-02,P11,80.11666666666666,1.0,28,672,11.922123015873016,0.29956313709174126
2026-02,P12,717.8166666663889,9.0,28,672,106.817956349165,0.3009124892615342
2026-02,P13,532.3666666663889,3.0,28,672,79.22123015868883,0.13524513180146058
2026-02,P14,363.1,9.0,28,672,54.032738095238095,0.5948774442302396
2026-02,P15,680.3166666663889,10.0,28,672,101.23759920630786,0.35277689311364513
2026-02,P16,371.98333333333335,9.0,28,672,55.3546626984127,0.5806711770240601
2026-02,P2,448.74999999972226,5.0,28,672,66.77827380948249,0.26740947075225463
2026-02,P3,797.8999999997222,8.0,28,672,118.73511904757773,0.24063165810260287
2026-02,P4,560.2999999997222,2.0,28,672,83.37797619043485,0.08566839193293556
2026-02,P5,494.1,3.0,28,672,73.52678571428571,0.14571948998178505
2026-02,P51,572.3666666666667,6.0,28,672,85.17361111111111,0.25158697804437713
2026-02,P52,193.4666666663889,3.0,28,672,28.789682539641205,0.3721571330122504
2026-02,P6,161.3,1.0,28,672,24.00297619047619,0.14879107253564786
2026-02,P60,291.93333333305554,3.0,28,672,43.44246031741898,0.24663165106212095
2026-02,P61,948.4999999997221,8.0,28,672,141.145833333292,0.20242488139173037
2026-02,P7,57.49999999972222,1.0,28,672,8.556547619006283,0.4173913043498425
2026-02,P8,0.0,0.0,28,672,0.0,
2026-02,P9,638.6833333330555,4.0,28,672,95.04216269837136,0.15030922992621554
2026-03,P1,536.8499999997222,10.0,31,744,72.1572580644788,0.4470522492318603
2026-03,P10,0.0,0.0,31,744,0.0,
2026-03,P11,0.0,0.0,31,744,0.0,
2026-03,P12,1053.1833333330555,12.0,31,744,141.55689964153973,0.2734566631324802
2026-03,P13,923.216666666389,6.0,31,744,124.08826164870818,0.15597638690814
2026-03,P14,412.81666666666666,10.0,31,744,55.486111111111114,0.5813718761354919
2026-03,P15,308.7666666663889,7.0,31,744,41.500896057310335,0.544100183526345
2026-03,P16,636.0499999997222,9.0,31,744,85.49059139781212,0.339595943715265
2026-03,P2,405.1333333327778,5.0,31,744,54.45340501784648,0.2961987822943012
2026-03,P3,491.0999999997222,5.0,31,744,66.0080645160917,0.24434941967026652
2026-03,P4,939.4333333330557,6.0,31,744,126.26792114691608,0.15328389454640304
2026-03,P5,0.0,0.0,31,744,0.0,
2026-03,P51,621.0499999997222,8.0,31,744,83.47446236555406,0.30915385234697024
2026-03,P52,543.8166666663889,6.0,31,744,73.0936379927942,0.26479512090485197
2026-03,P6,569.0499999997222,4.0,31,744,76.48521505372611,0.16870222300333337
2026-03,P60,538.5666666663889,5.0,31,744,72.38799283150388,0.22281364114636734
2026-03,P61,682.4333333330555,9.0,31,744,91.7249103942279,0.3165144336444409
2026-03,P7,556.2333333330555,3.0,31,744,74.76254480283005,0.12944208066165752
2026-03,P8,11.133333333333333,1.0,31,744,1.4964157706093189,2.155688622754491
2026-03,P9,421.43333333333334,2.0,31,744,56.64426523297491,0.11389701811278968
2026-04,P1,508.4,8.0,30,720,70.61111111111111,0.37765538945712035
2026-04,P10,92.3,2.0,30,720,12.819444444444445,0.5200433369447454
2026-04,P11,6.999999999722222,1.0,30,720,0.972222222183642,3.4285714287074827
2026-04,P12,1152.016666666389,12.0,30,720,160.00231481477624,0.24999638315423917
2026-04,P13,475.49999999972226,4.0,30,720,66.04166666662809,0.20189274447961317
2026-04,P14,456.2166666666667,11.0,30,720,63.36342592592593,0.5786724144229716
2026-04,P15,615.9333333330555,17.0,30,720,85.54629629625772,0.662409351661734
2026-04,P16,294.28333333305557,6.0,30,720,40.87268518514661,0.48932434728482505
2026-04,P2,527.5833333333334,8.0,30,720,73.27546296296296,0.363923550781867
2026-04,P3,1224.5666666661111,6.0,30,720,170.07870370362653,0.11759261779682499
2026-04,P4,854.8666666658332,8.0,30,720,118.73148148136572,0.22459642829313015
2026-04,P5,0.0,0.0,30,720,0.0,
2026-04,P51,701.2999999994445,6.0,30,720,97.40277777770062,0.20533295308728658
2026-04,P52,332.2,3.0,30,720,46.138888888888886,0.21673690547862734
2026-04,P6,579.2833333330556,3.0,30,720,80.45601851847994,0.12429150962402023
2026-04,P60,317.06666666638887,3.0,30,720,44.037037036998456,0.22708158116083815
2026-04,P61,686.1333333330556,8.0,30,720,95.29629629625772,0.2798289933930398
2026-04,P7,391.83333333333337,3.0,30,720,54.421296296296305,0.1837515950659294
2026-04,P8,0.0,0.0,30,720,0.0,
2026-04,P9,0.0,0.0,30,720,0.0,
2026-05,P1,544.9833333330556,8.0,31,744,73.25044802863651,0.35230435181521974
2026-05,P10,0.0,0.0,31,744,0.0,
2026-05,P11,112.96666666666667,1.0,31,744,15.183691756272403,0.21245205075243434
2026-05,P12,899.9666666663888,10.0,31,744,120.96326164870818,0.2666765435757703
2026-05,P13,316.6666666663889,3.0,31,744,42.56272401429958,0.22736842105283103
2026-05,P14,477.81666666638887,14.0,31,744,64.22267025085871,0.7031985768604319
2026-05,P15,703.3999999997222,13.0,31,744,94.54301075265083,0.44355985214689114
2026-05,P16,505.78333333333336,10.0,31,744,67.98163082437276,0.4745114838369525
2026-05,P2,85.5,1.0,31,744,11.491935483870968,0.2807017543859649
2026-05,P3,425.31666666666666,3.0,31,744,57.16621863799283,0.1692856303146675
2026-05,P4,828.25,5.0,31,744,111.3239247311828,0.1448837911258678
2026-05,P5,392.96666666638885,2.0,31,744,52.8181003583856,0.122147764865639
2026-05,P51,709.3999999997222,8.0,31,744,95.34946236555406,0.27065125458144235
2026-05,P52,298.9999999997222,3.0,31,744,40.18817204297341,0.240802675585508
2026-05,P6,285.25,2.0,31,744,38.340053763440864,0.16827344434706398
2026-05,P60,503.7999999997222,4.0,31,744,67.71505376340352,0.19055180627243534
2026-05,P61,726.6499999997222,7.0,31,744,97.66801075265083,0.23119796325612638
2026-05,P7,578.0166666666667,3.0,31,744,77.69041218637993,0.12456388224099652
2026-05,P8,80.13333333305556,1.0,31,744,10.77060931895908,0.2995008319477936
2026-05,P9,160.3,1.0,31,744,21.545698924731184,0.14971927635683094
2026-06,P1,280.4,4.0,30,720,38.94444444444444,0.3423680456490728
2026-06,P10,0.0,0.0,30,720,0.0,
2026-06,P11,0.0,0.0,30,720,0.0,
2026-06,P12,119.43333333333334,4.0,30,720,16.587962962962962,0.8037957019257606
2026-06,P13,99.69999999999999,2.0,30,720,13.847222222222221,0.4814443329989971
2026-06,P14,285.93333333333334,9.0,30,720,39.71296296296296,0.755420844019585
2026-06,P15,242.86666666666667,6.0,30,720,33.73148148148148,0.5929179247872632
2026-06,P16,273.25,5.0,30,720,37.951388888888886,0.4391582799634035
2026-06,P2,0.0,0.0,30,720,0.0,
2026-06,P3,345.03333333333336,2.0,30,720,47.9212962962963,0.13911699352719542
2026-06,P4,147.1,1.0,30,720,20.430555555555554,0.16315431679129844
2026-06,P5,326.0,2.0,30,720,45.27777777777778,0.14723926380368096
2026-06,P51,408.76666666666665,4.0,30,720,56.773148148148145,0.23485280926363858
2026-06,P52,38.6,2.0,30,720,5.361111111111112,1.2435233160621761
2026-06,P6,0.0,0.0,30,720,0.0,
2026-06,P60,215.0,2.0,30,720,29.86111111111111,0.22325581395348837
2026-06,P61,487.9,6.0,30,720,67.76388888888889,0.2951424472227916
2026-06,P7,334.3,1.0,30,720,46.43055555555556,0.0717918037690697
2026-06,P8,142.4,2.0,30,720,19.77777777777778,0.33707865168539325
2026-06,P9,0.0,0.0,30,720,0.0,
